id,author,title,year,isbn,list_id,list,section,section_letter,group,examinable,other_titles,entry
aristoteles-poetica-1974,Aristóteles,Poética,1974,,theory,I. Theory,"A. Narrative Theory, Poetics, and Psychoanalysis",A,core,yes,,"Aristóteles. Poética. Edición trilingüe de Valentín García Yebra, Gredos, 1974."
cornejo-polar-escribir-en-el-aire-ensayo-1994,"Cornejo Polar, Antonio",Escribir en el aire: ensayo sobre la heterogeneidad socio-cultural en las literaturas andinas,1994,,theory,I. Theory,"A. Narrative Theory, Poetics, and Psychoanalysis",A,core,yes,,"Cornejo Polar, Antonio. Escribir en el aire: ensayo sobre la heterogeneidad socio-cultural en las literaturas andinas. Horizonte, 1994."
freud-el-malestar-en-la-cultura-1978,"Freud, Sigmund",El malestar en la cultura,1978,,theory,I. Theory,"A. Narrative Theory, Poetics, and Psychoanalysis",A,core,yes,Obras completas,"Freud, Sigmund. ""Lo ominoso."" 1919. El malestar en la cultura. 1930. Obras completas, traducción de José Luis Etcheverry, Amorrortu, 1978–79, vols. 17 y 21."
lacan-escritos-1-2012,"Lacan, Jacques",Escritos 1,2012,,theory,I. Theory,"A. Narrative Theory, Poetics, and Psychoanalysis",A,core,yes,Otros escritos,"Lacan, Jacques. ""El seminario sobre 'La carta robada'."" Escritos 1, traducción de Tomás Segovia, Siglo XXI Editores, 1971. ""Lituratierra."" Otros escritos, traducción de Graciela Esperanza et al., Paidós, 2012."
lienhard-la-voz-y-su-huella-1990,"Lienhard, Martín",La voz y su huella: escritura y conflicto étnico-social en América Latina (1492–1988),1990,,theory,I. Theory,"A. Narrative Theory, Poetics, and Psychoanalysis",A,core,yes,,"Lienhard, Martín. La voz y su huella: escritura y conflicto étnico-social en América Latina (1492–1988). Casa de las Américas, 1990."
pimentel-el-relato-en-perspectiva-estudio-1998,"Pimentel, Luz Aurora",El relato en perspectiva: estudio de teoría narrativa,1998,,theory,I. Theory,"A. Narrative Theory, Poetics, and Psychoanalysis",A,core,yes,,"Pimentel, Luz Aurora. El relato en perspectiva: estudio de teoría narrativa. Universidad Nacional Autónoma de México / Siglo XXI Editores, 1998."
rama-transculturacion-narrativa-en-america-la-1982,"Rama, Ángel",Transculturación narrativa en América Latina,1982,,theory,I. Theory,"A. Narrative Theory, Poetics, and Psychoanalysis",A,core,yes,,"Rama, Ángel. Transculturación narrativa en América Latina. Siglo XXI Editores, 1982."
williams-the-other-side-of-the-2002,"Williams, Gareth",The Other Side of the Popular: Neoliberalism and Subalternity in Latin America,2002,,theory,I. Theory,"A. Narrative Theory, Poetics, and Psychoanalysis",A,core,yes,,"Williams, Gareth. The Other Side of the Popular: Neoliberalism and Subalternity in Latin America. Duke University Press, 2002."
derrida-mal-de-archivo-una-impresion-1997,"Derrida, Jacques",Mal de archivo: una impresión freudiana,1997,,theory,I. Theory,"B. Haunting, Archives, and Embodied Memory",B,core,yes,,"Derrida, Jacques. Mal de archivo: una impresión freudiana. Traducción de Paco Vidarte, Trotta, 1997."
gordon-ghostly-matters-haunting-and-the-1997,"Gordon, Avery F",Ghostly Matters: Haunting and the Sociological Imagination,1997,,theory,I. Theory,"B. Haunting, Archives, and Embodied Memory",B,core,yes,,"Gordon, Avery F. Ghostly Matters: Haunting and the Sociological Imagination. University of Minnesota Press, 1997."
jelin-los-trabajos-de-la-memoria-2002,"Jelin, Elizabeth",Los trabajos de la memoria,2002,,theory,I. Theory,"B. Haunting, Archives, and Embodied Memory",B,core,yes,,"Jelin, Elizabeth. Los trabajos de la memoria. Siglo XXI Editores, 2002."
molloy-acto-de-presencia-la-escritura-1996,"Molloy, Sylvia",Acto de presencia: la escritura autobiográfica en Hispanoamérica,1996,,theory,I. Theory,"B. Haunting, Archives, and Embodied Memory",B,core,yes,,"Molloy, Sylvia. Acto de presencia: la escritura autobiográfica en Hispanoamérica. Traducción de José Esteban Calderón, El Colegio de México / Fondo de Cultura Económica, 1996."
stoler-along-the-archival-grain-epistemic-2009,"Stoler, Ann Laura",Along the Archival Grain: Epistemic Anxieties and Colonial Common Sense,2009,,theory,I. Theory,"B. Haunting, Archives, and Embodied Memory",B,core,yes,,"Stoler, Ann Laura. Along the Archival Grain: Epistemic Anxieties and Colonial Common Sense. Princeton University Press, 2009."
taylor-the-archive-and-the-repertoire-2003,"Taylor, Diana",The Archive and the Repertoire: Performing Cultural Memory in the Americas,2003,,theory,I. Theory,"B. Haunting, Archives, and Embodied Memory",B,core,yes,,"Taylor, Diana. The Archive and the Repertoire: Performing Cultural Memory in the Americas. Duke University Press, 2003."
adorno-the-polemics-of-possession-in-2007,"Adorno, Rolena",The Polemics of Possession in Spanish American Narrative,2007,,theory,I. Theory,"C. Coloniality, Possession, and Racial Geographies",C,core,yes,,"Adorno, Rolena. The Polemics of Possession in Spanish American Narrative. Yale University Press, 2007."
gerhard-la-frontera-norte-de-la-1996,"Gerhard, Peter",La frontera norte de la Nueva España,1996,,theory,I. Theory,"C. Coloniality, Possession, and Racial Geographies",C,core,yes,,"Gerhard, Peter. La frontera norte de la Nueva España. Traducción de Patricia Escandón Bolaños, mapas de Bruce Campbell, Universidad Nacional Autónoma de México, 1996."
gomez-barris-the-extractive-zone-social-ecologies-2017,"Gómez-Barris, Macarena",The Extractive Zone: Social Ecologies and Decolonial Perspectives,2017,,theory,I. Theory,"C. Coloniality, Possession, and Racial Geographies",C,core,yes,,"Gómez-Barris, Macarena. The Extractive Zone: Social Ecologies and Decolonial Perspectives. Duke University Press, 2017."
jauregui-espectros-y-conjuras-asedios-a-2020,"Jáuregui, Carlos A",Espectros y conjuras: asedios a la cuestión colonial,2020,,theory,I. Theory,"C. Coloniality, Possession, and Racial Geographies",C,core,yes,,"Jáuregui, Carlos A. Espectros y conjuras: asedios a la cuestión colonial. Iberoamericana / Vervuert, 2020."
saldana-portillo-indian-given-racial-geographies-across-2016,"Saldaña-Portillo, María Josefina",Indian Given: Racial Geographies across Mexico and the United States,2016,,theory,I. Theory,"C. Coloniality, Possession, and Racial Geographies",C,core,yes,,"Saldaña-Portillo, María Josefina. Indian Given: Racial Geographies across Mexico and the United States. Duke University Press, 2016."
taussig-shamanism-colonialism-and-the-wild-1987,"Taussig, Michael","Shamanism, Colonialism, and the Wild Man: A Study in Terror and Healing",1987,,theory,I. Theory,"C. Coloniality, Possession, and Racial Geographies",C,core,yes,,"Taussig, Michael. Shamanism, Colonialism, and the Wild Man: A Study in Terror and Healing. University of Chicago Press, 1987."
anzaldua-borderlands-la-frontera-the-new-1987,"Anzaldúa, Gloria",Borderlands / La Frontera: The New Mestiza,1987,,theory,I. Theory,"D. Chicana Feminisms, Indigenous Knowledge, and Borderlands Religion",D,core,yes,,"Anzaldúa, Gloria. Borderlands / La Frontera: The New Mestiza. Aunt Lute Books, 1987."
castillo-massacre-of-the-dreamers-essays-1994,"Castillo, Ana",Massacre of the Dreamers: Essays on Xicanisma,1994,,theory,I. Theory,"D. Chicana Feminisms, Indigenous Knowledge, and Borderlands Religion",D,core,yes,,"Castillo, Ana. Massacre of the Dreamers: Essays on Xicanisma. University of New Mexico Press, 1994."
delgado-you-re-not-indian-you-2007,"Delgado, Vivian","You're Not Indian, You're Mexican",2007,,theory,I. Theory,"D. Chicana Feminisms, Indigenous Knowledge, and Borderlands Religion",D,core,yes,,"Delgado, Vivian. You're Not Indian, You're Mexican. Turtle Island Press, 2007."
gonzales-red-medicine-traditional-indigenous-rite-2012,"Gonzales, Patrisia",Red Medicine: Traditional Indigenous Rites of Birthing and Healing,2012,,theory,I. Theory,"D. Chicana Feminisms, Indigenous Knowledge, and Borderlands Religion",D,core,yes,,"Gonzales, Patrisia. Red Medicine: Traditional Indigenous Rites of Birthing and Healing. University of Arizona Press, 2012."
leon-la-llorona-s-children-religion-2004,"León, Luis D","La Llorona's Children: Religion, Life, and Death in the U.S.–Mexican Borderlands",2004,,theory,I. Theory,"D. Chicana Feminisms, Indigenous Knowledge, and Borderlands Religion",D,core,yes,,"León, Luis D. La Llorona's Children: Religion, Life, and Death in the U.S.–Mexican Borderlands. University of California Press, 2004."
simpson-mohawk-interruptus-political-life-across-2014,"Simpson, Audra",Mohawk Interruptus: Political Life across the Borders of Settler States,2014,,theory,I. Theory,"E. Indigenous Studies: Sovereignty, Refusal, and Temporality",E,core,yes,,"Simpson, Audra. Mohawk Interruptus: Political Life across the Borders of Settler States. Duke University Press, 2014."
fong-ethnic-studies-research-approaches-and-2008,"Fong, Timothy P",Ethnic Studies Research: Approaches and Perspectives,2008,,theory,I. Theory,F. Ethnography and Ethnic Studies Methods,F,core,yes,,"Fong, Timothy P., editor. Ethnic Studies Research: Approaches and Perspectives. AltaMira Press, 2008."
sanjek-fieldnotes-the-makings-of-anthropology-1990,"Sanjek, Roger, editor",Fieldnotes: The Makings of Anthropology,1990,,theory,I. Theory,F. Ethnography and Ethnic Studies Methods,F,core,yes,,"Sanjek, Roger, editor. Fieldnotes: The Makings of Anthropology. Cornell University Press, 1990."
segato-la-critica-de-la-colonialidad-2021,"Segato, Rita Laura",La crítica de la colonialidad en ocho ensayos: y una antropología por demanda,2021,,theory,I. Theory,Supplementary,,supplementary,yes,,"Segato, Rita Laura. La crítica de la colonialidad en ocho ensayos: y una antropología por demanda. Prometeo Libros, 2021."
rifkin-beyond-settler-time-temporal-sovereignty-2017,"Rifkin, Mark",Beyond Settler Time: Temporal Sovereignty and Indigenous Self-Determination,2017,,theory,I. Theory,Supplementary,,supplementary,yes,,"Rifkin, Mark. Beyond Settler Time: Temporal Sovereignty and Indigenous Self-Determination. Duke University Press, 2017."
cabeza-de-vaca-naufragios-1989,"Cabeza de Vaca, Álvar Núñez",Naufragios,1989,,dissertation,II. Dissertation,"A. Colonial Narratives, Inquisitorial Archives, and Territorial Formation",A,core,yes,,"Cabeza de Vaca, Álvar Núñez. Naufragios. Edición de Juan Francisco Maura, Cátedra, 1989."
villagra-historia-de-la-nueva-mexico-2010,"Villagrá, Gaspar Pérez de",Historia de la Nueva México,2010,,dissertation,II. Dissertation,"A. Colonial Narratives, Inquisitorial Archives, and Territorial Formation",A,core,yes,,"Villagrá, Gaspar Pérez de. Historia de la Nueva México. Edición de Manuel M. Martín Rodríguez, Instituto Franklin / Universidad de Alcalá, 2010."
flores-relatos-populares-de-la-inquisicion-2010,"Flores, Enrique, Mariana Masera, coordinadores","Relatos populares de la Inquisición novohispana: rito, magia y otras ""supersticiones"", siglos XVII–XVIII",2010,,dissertation,II. Dissertation,"A. Colonial Narratives, Inquisitorial Archives, and Territorial Formation",A,core,yes,,"Flores, Enrique, Mariana Masera, coordinadores. Relatos populares de la Inquisición novohispana: rito, magia y otras ""supersticiones"", siglos XVII–XVIII. Consejo Superior de Investigaciones Científicas / Universidad Nacional Autónoma de México, 2010."
ebright-the-witches-of-abiquiu-the-2006,"Ebright, Malcolm, Rick Hendricks","The Witches of Abiquiu: The Governor, the Priest, the Genízaro Indians, and the Devil",2006,,dissertation,II. Dissertation,"A. Colonial Narratives, Inquisitorial Archives, and Territorial Formation",A,core,yes,,"Ebright, Malcolm, Rick Hendricks. The Witches of Abiquiu: The Governor, the Priest, the Genízaro Indians, and the Devil. University of New Mexico Press, 2006."
espinosa-the-folklore-of-spain-in-1985,"Espinosa, Aurelio M",The Folklore of Spain in the American Southwest: Traditional Spanish Folk Literature in Northern New Mexico and Southern Colorado,1985,,dissertation,II. Dissertation,"B. Oral Tradition, Regional Language, and Folklore Collection",B,core,yes,,"Espinosa, Aurelio M. The Folklore of Spain in the American Southwest: Traditional Spanish Folk Literature in Northern New Mexico and Southern Colorado. Edición de J. Manuel Espinosa, University of Oklahoma Press, 1985."
espinosa-cuentos-de-cuanto-hay-tales-1998,"Espinosa, J",Cuentos de cuanto hay / Tales from Spanish New Mexico,1998,,dissertation,II. Dissertation,"B. Oral Tradition, Regional Language, and Folklore Collection",B,core,yes,,"Espinosa, J. Manuel, recopilador. Cuentos de cuanto hay / Tales from Spanish New Mexico. Edición y traducción de Joe Hayes, ilustraciones de William Rotsaert, University of New Mexico Press, 1998."
griego-y-maestas-cuentos-tales-from-the-hispanic-1980,"Griego y Maestas, José, y Rudolfo A",Cuentos: Tales from the Hispanic Southwest,1980,,dissertation,II. Dissertation,"B. Oral Tradition, Regional Language, and Folklore Collection",B,core,yes,,"Griego y Maestas, José, y Rudolfo A. Anaya, editores. Cuentos: Tales from the Hispanic Southwest. Museum of New Mexico Press, 1980."
pijoan-de-van-etten-spanish-american-folktales-the-practical-1990,"Pijoan de Van Etten, Teresa",Spanish-American Folktales: The Practical Wisdom of Spanish-Americans in 28 Eloquent and Simple Stories,1990,,dissertation,II. Dissertation,"B. Oral Tradition, Regional Language, and Folklore Collection",B,core,yes,,"Pijoan de Van Etten, Teresa. Spanish-American Folktales: The Practical Wisdom of Spanish-Americans in 28 Eloquent and Simple Stories. August House, 1990."
rael-cuentos-espanoles-de-colorado-y-1977,"Rael, Juan B",Cuentos españoles de Colorado y Nuevo México / Spanish Folk Tales from Colorado and New Mexico,1977,,dissertation,II. Dissertation,"B. Oral Tradition, Regional Language, and Folklore Collection",B,core,yes,,"Rael, Juan B., recopilador. Cuentos españoles de Colorado y Nuevo México / Spanish Folk Tales from Colorado and New Mexico. Museum of New Mexico Press, 1977. 2 vols."
rebolledo-women-s-tales-from-the-2000,"Rebolledo, Tey Diana, y María Teresa Márquez, editoras",Women's Tales from the New Mexico WPA: La diabla a pie,2000,,dissertation,II. Dissertation,"B. Oral Tradition, Regional Language, and Folklore Collection",B,core,yes,,"Rebolledo, Tey Diana, y María Teresa Márquez, editoras. Women's Tales from the New Mexico WPA: La diabla a pie. Arte Público Press, 2000."
vigil-the-corn-woman-stories-and-1994,"Vigil, Ángel, recopilador",The Corn Woman: Stories and Legends of the Hispanic Southwest,1994,,dissertation,II. Dissertation,"B. Oral Tradition, Regional Language, and Folklore Collection",B,core,yes,,"Vigil, Ángel, recopilador. The Corn Woman: Stories and Legends of the Hispanic Southwest. Traducción de Jennifer Audrey Lowell, Libraries Unlimited, 1994."
delgado-witch-stories-of-new-mexico-1994,"Delgado, Edmundo R",Witch Stories of New Mexico: Folklore of New Spain / Cuentos de brujas de Nuevo México: folklore de la Nueva España,1994,,dissertation,II. Dissertation,"C. Witchcraft, Healing, and Supernatural Encounters",C,core,yes,,"Delgado, Edmundo R., editor. Witch Stories of New Mexico: Folklore of New Spain / Cuentos de brujas de Nuevo México: folklore de la Nueva España. E. R. Delgado, 1994."
garcia-brujas-bultos-y-brasas-tales-1999,"García, Nasario, recopilador","Brujas, bultos, y brasas: Tales of Witchcraft and the Supernatural in the Pecos Valley",1999,,dissertation,II. Dissertation,"C. Witchcraft, Healing, and Supernatural Encounters",C,core,yes,,"García, Nasario, recopilador. Brujas, bultos, y brasas: Tales of Witchcraft and the Supernatural in the Pecos Valley. Western Edge Press, 1999."
garcia-brujerias-stories-of-witchcraft-and-2007,"García, Nasario",Brujerías: Stories of Witchcraft and the Supernatural in the American Southwest and Beyond,2007,,dissertation,II. Dissertation,"C. Witchcraft, Healing, and Supernatural Encounters",C,core,yes,,"García, Nasario. Brujerías: Stories of Witchcraft and the Supernatural in the American Southwest and Beyond. Texas Tech University Press, 2007."
kraul-the-weeping-woman-encounters-with-1988,"Kraul, Edward Garcia, y Judith Beatty",The Weeping Woman: Encounters with La Llorona,1988,,dissertation,II. Dissertation,"C. Witchcraft, Healing, and Supernatural Encounters",C,core,yes,,"Kraul, Edward Garcia, y Judith Beatty. The Weeping Woman: Encounters with La Llorona. Word Process, 1988."
garcez-american-indian-ghost-stories-of-2003,"Garcez, Antonio R",American Indian Ghost Stories of the West,2003,,dissertation,II. Dissertation,D. Literary Reworkings and Comparative Indigenous Horror,D,core,yes,,"Garcez, Antonio R. American Indian Ghost Stories of the West. Red Rabbit Press, 2003."
sagel-hablando-de-brujas-y-la-1981,"Sagel, Jim",Hablando de brujas y la gente de antes: poemas del Río Chama,1981,,dissertation,II. Dissertation,D. Literary Reworkings and Comparative Indigenous Horror,D,core,yes,,"Sagel, Jim. Hablando de brujas y la gente de antes: poemas del Río Chama. Introducción de John Nichols, Place of Herons Press, 1981."
abudu-living-with-ghosts-a-reader-2022,"Abudu, KJ, editor",Living with Ghosts: A Reader,2022,,dissertation,II. Dissertation,"E. Hauntology, Spectrality, and Historical Temporality",E,core,yes,,"Abudu, KJ, editor. Living with Ghosts: A Reader. Pace Publishing, 2022."
derrida-specters-of-marx-the-state-1994,"Derrida, Jacques","Specters of Marx: The State of the Debt, the Work of Mourning, and the New International",1994,,dissertation,II. Dissertation,"E. Hauntology, Spectrality, and Historical Temporality",E,core,yes,,"Derrida, Jacques. Specters of Marx: The State of the Debt, the Work of Mourning, and the New International. Traducción de Peggy Kamuf, Routledge, 1994."
weinstock-spectral-america-phantoms-and-the-2004,"Weinstock, Jeffrey Andrew, editor",Spectral America: Phantoms and the National Imagination,2004,,dissertation,II. Dissertation,"E. Hauntology, Spectrality, and Historical Temporality",E,core,yes,,"Weinstock, Jeffrey Andrew, editor. Spectral America: Phantoms and the National Imagination. University of Wisconsin Press, 2004."
keetley-folk-horror-new-global-pathways-2023,"Keetley, Dawn, y Ruth Heholt, editoras",Folk Horror: New Global Pathways,2023,,dissertation,II. Dissertation,"F. Haunting as Aesthetic and Narrative Experience: The Fantastic, the Gothic, and Magical Realism",F,core,yes,,"Keetley, Dawn, y Ruth Heholt, editoras. Folk Horror: New Global Pathways. University of Wales Press, 2023."
todorov-the-fantastic-a-structural-approach-1975,"Todorov, Tzvetan",The Fantastic: A Structural Approach to a Literary Genre,1975,,dissertation,II. Dissertation,"F. Haunting as Aesthetic and Narrative Experience: The Fantastic, the Gothic, and Magical Realism",F,core,yes,,"Todorov, Tzvetan. The Fantastic: A Structural Approach to a Literary Genre. Traducción de Richard Howard, Cornell University Press, 1975."
walter-magical-realism-in-contemporary-chicano-1993,"Walter, Roland",Magical Realism in Contemporary Chicano Fiction,1993,,dissertation,II. Dissertation,"F. Haunting as Aesthetic and Narrative Experience: The Fantastic, the Gothic, and Magical Realism",F,core,yes,,"Walter, Roland. Magical Realism in Contemporary Chicano Fiction. Vervuert, 1993."
blanco-ghost-watching-american-modernity-haunti-2012,"Blanco, María del Pilar","Ghost-Watching American Modernity: Haunting, Landscape, and the Hemispheric Imagination",2012,,dissertation,II. Dissertation,"G. Chicana Spatial Criticism, Borderlands, and Hemispheric Haunting",G,core,yes,,"Blanco, María del Pilar. Ghost-Watching American Modernity: Haunting, Landscape, and the Hemispheric Imagination. Fordham University Press, 2012."
brady-extinct-lands-temporal-geographies-chica-2002,"Brady, Mary Pat","Extinct Lands, Temporal Geographies: Chicana Literature and the Urgency of Space",2002,,dissertation,II. Dissertation,"G. Chicana Spatial Criticism, Borderlands, and Hemispheric Haunting",G,core,yes,,"Brady, Mary Pat. Extinct Lands, Temporal Geographies: Chicana Literature and the Urgency of Space. Duke University Press, 2002."
perez-there-was-a-woman-la-2008,"Perez, Domino Renee",There Was a Woman: La Llorona from Folklore to Popular Culture,2008,,dissertation,II. Dissertation,"G. Chicana Spatial Criticism, Borderlands, and Hemispheric Haunting",G,core,yes,,"Perez, Domino Renee. There Was a Woman: La Llorona from Folklore to Popular Culture. University of Texas Press, 2008."
bolanos-colonialism-past-and-present-reading-2002,"Bolaños, Álvaro Félix, Gustavo Verdesio, editores",Colonialism Past and Present: Reading and Writing about Colonial Latin America Today,2002,,dissertation,II. Dissertation,"H. Archival Criticism, Documents, and Media",H,core,yes,,"Bolaños, Álvaro Félix, Gustavo Verdesio, editores. Colonialism Past and Present: Reading and Writing about Colonial Latin America Today. State University of New York Press, 2002."
morana-coloniality-at-large-latin-america-2008,"Moraña, Mabel, Enrique Dussel y Carlos A",Coloniality at Large: Latin America and the Postcolonial Debate,2008,,dissertation,II. Dissertation,"H. Archival Criticism, Documents, and Media",H,core,yes,,"Moraña, Mabel, Enrique Dussel y Carlos A. Jáuregui, editores. Coloniality at Large: Latin America and the Postcolonial Debate. Duke University Press, 2008."
gonzales-nacion-genizara-ethnogenesis-place-and-2019,"Gonzales, Moises, y Enrique R","Nación Genízara: Ethnogenesis, Place, and Identity in New Mexico",2019,,dissertation,II. Dissertation,J. Nuevomexicano Cultural History and Genízaro Identity,J,core,yes,,"Gonzales, Moises, y Enrique R. Lamadrid, editores. Nación Genízara: Ethnogenesis, Place, and Identity in New Mexico. University of New Mexico Press, 2019."
padilla-my-history-not-yours-the-1993,"Padilla, Genaro M","My History, Not Yours: The Formation of Mexican American Autobiography",1993,,dissertation,II. Dissertation,Supplementary,,supplementary,yes,,"Padilla, Genaro M. My History, Not Yours: The Formation of Mexican American Autobiography. University of Wisconsin Press, 1993."
briggs-competence-in-performance-the-creativity-1988,"Briggs, Charles L",Competence in Performance: The Creativity of Tradition in Mexicano Verbal Art,1988,,dissertation,II. Dissertation,Supplementary,,supplementary,yes,,"Briggs, Charles L. Competence in Performance: The Creativity of Tradition in Mexicano Verbal Art. University of Pennsylvania Press, 1988."
rama-la-ciudad-letrada-1984,"Rama, Ángel",La ciudad letrada,1984,,dissertation,II. Dissertation,Supplementary,,supplementary,yes,,"Rama, Ángel. La ciudad letrada. Ediciones del Norte, 1984."
cobos-a-dictionary-of-new-mexico-2003,"Cobos, Rubén",A Dictionary of New Mexico and Southern Colorado Spanish,2003,,dissertation,II. Dissertation,Supplementary,,supplementary,yes,,"Cobos, Rubén. A Dictionary of New Mexico and Southern Colorado Spanish. 2.ª ed., Museum of New Mexico Press, 2003."
gitelman-paper-knowledge-toward-a-media-2014,"Gitelman, Lisa",Paper Knowledge: Toward a Media History of Documents,2014,,dissertation,II. Dissertation,Supplementary,,supplementary,yes,,"Gitelman, Lisa. Paper Knowledge: Toward a Media History of Documents. Duke University Press, 2014."
burns-into-the-archive-writing-and-2010,"Burns, Kathryn",Into the Archive: Writing and Power in Colonial Peru,2010,,dissertation,II. Dissertation,Supplementary,,supplementary,yes,,"Burns, Kathryn. Into the Archive: Writing and Power in Colonial Peru. Duke University Press, 2010."
brady-scales-of-captivity-racial-capitalism-2022,"Brady, Mary Pat",Scales of Captivity: Racial Capitalism and the Latinx Child,2022,,dissertation,II. Dissertation,Supplementary,,supplementary,yes,,"Brady, Mary Pat. Scales of Captivity: Racial Capitalism and the Latinx Child. Duke University Press, 2022."
hawk-never-whistle-at-night-an-2023,"Hawk, Shane, y Theodore C",Never Whistle at Night: An Indigenous Dark Fiction Anthology,2023,,dissertation,II. Dissertation,Supplementary,,supplementary,yes,,"Hawk, Shane, y Theodore C. Van Alst Jr., editores. Never Whistle at Night: An Indigenous Dark Fiction Anthology. Vintage Books, 2023."
melendez-so-all-is-not-lost-1997,"Meléndez, A","So All Is Not Lost: The Poetics of Print in Nuevomexicano Communities, 1834–1958",1997,,dissertation,II. Dissertation,Supplementary,,supplementary,yes,,"Meléndez, A. Gabriel. So All Is Not Lost: The Poetics of Print in Nuevomexicano Communities, 1834–1958. University of New Mexico Press, 1997."
rabasa-without-history-subaltern-studies-the-2010,"Rabasa, José","Without History: Subaltern Studies, the Zapatista Insurgency, and the Limits of Historical Discourse",2010,,dissertation,II. Dissertation,Supplementary,,supplementary,yes,,"Rabasa, José. Without History: Subaltern Studies, the Zapatista Insurgency, and the Limits of Historical Discourse. University of Pittsburgh Press, 2010."
ortega-binding-media-hybrid-print-digital-2025,"Ortega, Élika",Binding Media: Hybrid Print-Digital Literature from across the Americas,2025,,dissertation,II. Dissertation,Supplementary,,supplementary,yes,,"Ortega, Élika. Binding Media: Hybrid Print-Digital Literature from across the Americas. Stanford University Press, 2025."
boj-lopez-indigenous-archives-the-maya-diaspora-2026,"Boj López, Floridalma",Indigenous Archives: The Maya Diaspora and Mobile Cultural Production,2026,,dissertation,II. Dissertation,Supplementary,,supplementary,yes,,"Boj López, Floridalma. Indigenous Archives: The Maya Diaspora and Mobile Cultural Production. Duke University Press, 2026."
fisher-the-weird-and-the-eerie-2017,"Fisher, Mark",The Weird and the Eerie,2017,,dissertation,II. Dissertation,Supplementary,,supplementary,yes,,"Fisher, Mark. The Weird and the Eerie. Repeater Books, 2017."
schaeffer-unsettled-borders-the-militarized-scienc-2022,"Schaeffer, Felicity Amaya",Unsettled Borders: The Militarized Science of Surveillance on Sacred Indigenous Land,2022,,dissertation,II. Dissertation,Supplementary,,supplementary,yes,,"Schaeffer, Felicity Amaya. Unsettled Borders: The Militarized Science of Surveillance on Sacred Indigenous Land. Duke University Press, 2022."
fisher-ghosts-of-my-life-writings-2014,"Fisher, Mark","Ghosts of My Life: Writings on Depression, Hauntology and Lost Futures",2014,,dissertation,II. Dissertation,Supplementary,,supplementary,yes,,"Fisher, Mark. Ghosts of My Life: Writings on Depression, Hauntology and Lost Futures. Zero Books, 2014."
spooner-contemporary-gothic-2006,"Spooner, Catherine",Contemporary Gothic,2006,,dissertation,II. Dissertation,Supplementary,,supplementary,yes,,"Spooner, Catherine. Contemporary Gothic. Reaktion Books, 2006."
campra-territorios-de-la-ficcion-lo-2008,"Campra, Rosalba",Territorios de la ficción: lo fantástico,2008,,dissertation,II. Dissertation,Supplementary,,supplementary,yes,,"Campra, Rosalba. Territorios de la ficción: lo fantástico. Renacimiento, 2008."
keetley-folk-gothic-2024,"Keetley, Dawn",Folk Gothic,2024,,dissertation,II. Dissertation,Supplementary,,supplementary,yes,,"Keetley, Dawn. Folk Gothic. Cambridge University Press, 2024."
padilla-the-daring-flight-of-my-2010,"Padilla, Genaro",The Daring Flight of My Pen: Cultural Politics and Gaspar Pérez de Villagrá's,2010,,dissertation,II. Dissertation,Supplementary,,supplementary,yes,1610,"Padilla, Genaro. The Daring Flight of My Pen: Cultural Politics and Gaspar Pérez de Villagrá's Historia de la Nueva México, 1610. University of New Mexico Press, 2010."
scovell-folk-horror-hours-dreadful-and-2017,"Scovell, Adam",Folk Horror: Hours Dreadful and Things Strange,2017,,dissertation,II. Dissertation,Supplementary,,supplementary,yes,,"Scovell, Adam. Folk Horror: Hours Dreadful and Things Strange. Auteur, 2017."
mendez-catalogo-de-textos-marginados-novohispan-1992,"Méndez, María Águeda, coordinadora","Catálogo de textos marginados novohispanos: Inquisición, siglos XVIII y XIX",1992,,dissertation,II. Dissertation,Supplementary,,supplementary,yes,,"Méndez, María Águeda, coordinadora. Catálogo de textos marginados novohispanos: Inquisición, siglos XVIII y XIX. Archivo General de la Nación / El Colegio de México / Universidad Nacional Autónoma de México, 1992."
mignolo-teoria-del-texto-e-interpretacion-1986,"Mignolo, Walter",Teoría del texto e interpretación de textos,1986,,dissertation,II. Dissertation,Supplementary,,supplementary,yes,,"Mignolo, Walter. Teoría del texto e interpretación de textos. Universidad Nacional Autónoma de México, 1986."
rodriguez-singing-for-my-echo-memories-1987,"Rodríguez, Gregorita","Singing for My Echo: Memories of Gregorita Rodríguez, a Native Healer of Santa Fe",1987,,dissertation,II. Dissertation,Supplementary,,supplementary,yes,,"Rodríguez, Gregorita. Singing for My Echo: Memories of Gregorita Rodríguez, a Native Healer of Santa Fe. Relato recogido por Edith Powers, Cota Editions / Ocean Tree, 1987."
fernandez-de-lizardi-el-periquillo-sarniento-1816,"Fernández de Lizardi, José Joaquín",El Periquillo Sarniento,1816,,teaching,III. Teaching,"A. Nation, Race, and Revolution in Mexican Literature",A,core,yes,,"Fernández de Lizardi, José Joaquín. El Periquillo Sarniento. 1816."
payno-los-bandidos-de-rio-frio-1891,"Payno, Manuel",Los bandidos de Río Frío,1891,,teaching,III. Teaching,"A. Nation, Race, and Revolution in Mexican Literature",A,core,yes,,"Payno, Manuel. Los bandidos de Río Frío. 1889–1891."
frias-tomochic-1893,"Frías, Heriberto",Tomóchic,1893,,teaching,III. Teaching,"A. Nation, Race, and Revolution in Mexican Literature",A,core,yes,,"Frías, Heriberto. Tomóchic. 1893."
azuela-los-de-abajo-1915,"Azuela, Mariano",Los de abajo,1915,,teaching,III. Teaching,"A. Nation, Race, and Revolution in Mexican Literature",A,core,yes,,"Azuela, Mariano. Los de abajo. 1915."
vasconcelos-la-raza-cosmica-1925,"Vasconcelos, José",La raza cósmica,1925,,teaching,III. Teaching,"A. Nation, Race, and Revolution in Mexican Literature",A,core,yes,,"Vasconcelos, José. La raza cósmica. 1925."
campobello-cartucho-1931,"Campobello, Nellie",Cartucho,1931,,teaching,III. Teaching,"A. Nation, Race, and Revolution in Mexican Literature",A,core,yes,,"Campobello, Nellie. Cartucho. 1931."
revueltas-el-luto-humano-1943,"Revueltas, José",El luto humano,1943,,teaching,III. Teaching,"A. Nation, Race, and Revolution in Mexican Literature",A,core,yes,,"Revueltas, José. El luto humano. 1943."
paz-el-laberinto-de-la-soledad-1950,"Paz, Octavio",El laberinto de la soledad,1950,,teaching,III. Teaching,"A. Nation, Race, and Revolution in Mexican Literature",A,core,yes,,"Paz, Octavio. El laberinto de la soledad. 1950."
fuentes-la-muerte-de-artemio-cruz-1962,"Fuentes, Carlos",La muerte de Artemio Cruz,1962,,teaching,III. Teaching,"A. Nation, Race, and Revolution in Mexican Literature",A,core,yes,,"Fuentes, Carlos. La muerte de Artemio Cruz. 1962."
arce-cronicas-diabolicas-1916-1926-1982,"Arce, Julio G","Crónicas diabólicas, 1916–1926",1982,,teaching,III. Teaching,"B. Mexican American Print Culture, Folklore, and Chicano Cultural Nationalism",B,core,yes,,"Arce, Julio G. [Jorge Ulica]. Crónicas diabólicas, 1916–1926. Edición de Juan Rodríguez, Maize Press, 1982."
venegas-las-aventuras-de-don-chipote-1928,"Venegas, Daniel",Las aventuras de don Chipote o Cuando los pericos mamen,1928,,teaching,III. Teaching,"B. Mexican American Print Culture, Folklore, and Chicano Cultural Nationalism",B,core,yes,,"Venegas, Daniel. Las aventuras de don Chipote o Cuando los pericos mamen. 1928."
paredes-with-his-pistol-in-his-1958,"Paredes, Américo","""With His Pistol in His Hand"": A Border Ballad and Its Hero",1958,,teaching,III. Teaching,"B. Mexican American Print Culture, Folklore, and Chicano Cultural Nationalism",B,core,yes,,"Paredes, Américo. ""With His Pistol in His Hand"": A Border Ballad and Its Hero. University of Texas Press, 1958."
gonzales-yo-soy-joaquin-1967,"Gonzales, Rodolfo ""Corky",Yo soy Joaquín,1967,,teaching,III. Teaching,"B. Mexican American Print Culture, Folklore, and Chicano Cultural Nationalism",B,core,yes,,"Gonzales, Rodolfo ""Corky."" Yo soy Joaquín. 1967."
rivera-y-no-se-lo-trago-1996,"Rivera, Tomás",…y no se lo tragó la tierra / …And the Earth Did Not Devour Him,1996,,teaching,III. Teaching,"B. Mexican American Print Culture, Folklore, and Chicano Cultural Nationalism",B,core,yes,,"Rivera, Tomás. …y no se lo tragó la tierra / …And the Earth Did Not Devour Him. 1971. Traducción de Evangelina Vigil-Piñón, Arte Público Press, 1996."
la-chrisx-la-loca-de-la-raza-1978,La Chrisx,La loca de la raza cósmica,1978,,teaching,III. Teaching,"B. Mexican American Print Culture, Folklore, and Chicano Cultural Nationalism",B,core,yes,,"La Chrisx. ""La loca de la raza cósmica."" 1978."
corpi-palabras-de-mediodia-noon-words-1980,"Corpi, Lucha",Palabras de mediodía / Noon Words,1980,,teaching,III. Teaching,"C. Chicana Feminisms, Embodiment, and Cultural Memory",C,core,yes,,"Corpi, Lucha. Palabras de mediodía / Noon Words. Traducción de Catherine Rodríguez-Nieto, El Fuego de Aztlán Publications, 1980."
viramontes-the-moths-and-other-stories-1985,"Viramontes, Helena María",The Moths and Other Stories,1985,,teaching,III. Teaching,"C. Chicana Feminisms, Embodiment, and Cultural Memory",C,core,yes,,"Viramontes, Helena María. The Moths and Other Stories. Arte Público Press, 1985."
chavez-loving-pedro-infante-2001,"Chávez, Denise",Loving Pedro Infante,2001,,teaching,III. Teaching,"C. Chicana Feminisms, Embodiment, and Cultural Memory",C,core,yes,,"Chávez, Denise. Loving Pedro Infante. Farrar, Straus and Giroux, 2001."
fajardo-anstine-sabrina-corina-stories-2019,"Fajardo-Anstine, Kali",Sabrina & Corina: Stories,2019,,teaching,III. Teaching,"C. Chicana Feminisms, Embodiment, and Cultural Memory",C,core,yes,,"Fajardo-Anstine, Kali. Sabrina & Corina: Stories. One World, 2019."
jimenez-cajas-de-carton-2002,"Jiménez, Francisco",Cajas de cartón,2002,,teaching,III. Teaching,"D. Migration, Borders, and Cultural Translation",D,core,yes,Senderos fronterizos,"Jiménez, Francisco. Cajas de cartón. 1999. Senderos fronterizos. 2002."
alarcon-from-the-other-side-of-2002,"Alarcón, Francisco X",From the Other Side of Night / Del otro lado de la noche: New and Selected Poems,2002,,teaching,III. Teaching,"D. Migration, Borders, and Cultural Translation",D,core,yes,,"Alarcón, Francisco X. From the Other Side of Night / Del otro lado de la noche: New and Selected Poems. University of Arizona Press, 2002."
grande-a-traves-de-cien-montanas-2007,"Grande, Reyna",A través de cien montañas,2007,,teaching,III. Teaching,"D. Migration, Borders, and Cultural Translation",D,core,yes,,"Grande, Reyna. A través de cien montañas. 2007."
rulfo-el-llano-en-llamas-1955,"Rulfo, Juan",El llano en llamas,1955,,teaching,III. Teaching,"E. Haunting, Death, and Fantastic Narrative",E,core,yes,Pedro Páramo,"Rulfo, Juan. El llano en llamas. 1953. Pedro Páramo. 1955."
anaya-bless-me-ultima-1972,"Anaya, Rudolfo","Bless Me, Ultima",1972,,teaching,III. Teaching,"E. Haunting, Death, and Fantastic Narrative",E,core,yes,,"Anaya, Rudolfo. Bless Me, Ultima. 1972."
arias-el-camino-a-tamazunchale-2002,"Arias, Ron",El camino a Tamazunchale,2002,,teaching,III. Teaching,"E. Haunting, Death, and Fantastic Narrative",E,core,yes,,"Arias, Ron. El camino a Tamazunchale. Traducción de Beth Pollack y Ricardo Aguilar Melantzón, Bilingual Press / Editorial Bilingüe, 2002."
valdemar-garcia-la-casa-del-brujo-the-1984,"Valdemar García, Itz-Ollin",La casa del brujo / The Sorcerer's House,1984,,teaching,III. Teaching,"E. Haunting, Death, and Fantastic Narrative",E,core,yes,,"Valdemar García, Itz-Ollin. La casa del brujo / The Sorcerer's House. Muchos Charcos Books, 1984."
anzaldua-prietita-and-the-ghost-woman-1995,"Anzaldúa, Gloria",Prietita and the Ghost Woman,1995,,teaching,III. Teaching,"E. Haunting, Death, and Fantastic Narrative",E,core,yes,,"Anzaldúa, Gloria. Prietita and the Ghost Woman. Ilustraciones de Maya Christina Gonzalez, Children's Book Press, 1995."
mendez-los-muertos-tambien-cuentan-1995,"Méndez, Miguel",Los muertos también cuentan,1995,,teaching,III. Teaching,"E. Haunting, Death, and Fantastic Narrative",E,core,yes,,"Méndez, Miguel. Los muertos también cuentan. 1995."
herrera-la-transmigracion-de-los-cuerpos-2013,"Herrera, Yuri",La transmigración de los cuerpos,2013,,teaching,III. Teaching,"E. Haunting, Death, and Fantastic Narrative",E,core,yes,,"Herrera, Yuri. La transmigración de los cuerpos. Periférica, 2013."
rivera-garza-los-muertos-indociles-necroescrituras-y-2013,"Rivera Garza, Cristina",Los muertos indóciles: necroescrituras y desapropiación,2013,,teaching,III. Teaching,"E. Haunting, Death, and Fantastic Narrative",E,core,yes,,"Rivera Garza, Cristina. Los muertos indóciles: necroescrituras y desapropiación. Tusquets Editores, 2013."
fragoza-eat-the-mouth-that-feeds-2021,"Fragoza, Carribean",Eat the Mouth That Feeds You,2021,,teaching,III. Teaching,"E. Haunting, Death, and Fantastic Narrative",E,core,yes,,"Fragoza, Carribean. Eat the Mouth That Feeds You. City Lights Publishers, 2021."
davila-cuentos-reunidos,"Dávila, Amparo",Cuentos reunidos,,,teaching,III. Teaching,"E. Haunting, Death, and Fantastic Narrative",E,core,yes,,"Dávila, Amparo. Cuentos reunidos"
sanchez-prado-teaching-the-mexican-revolution-2026,"Sánchez Prado, Ignacio M",Teaching the Mexican Revolution,2026,,teaching,III. Teaching,G. Teaching Practice and Pedagogy,G,core,yes,,"Sánchez Prado, Ignacio M., editor. Teaching the Mexican Revolution. Modern Language Association of America, 2026."
luiselli-los-ninos-perdidos-un-ensayo-2016,"Luiselli, Valeria",Los niños perdidos: un ensayo en cuarenta preguntas,2016,,teaching,III. Teaching,Supplementary,,supplementary,yes,,"Luiselli, Valeria. Los niños perdidos: un ensayo en cuarenta preguntas. Sexto Piso, 2016."
castillo-the-guardians-2007,"Castillo, Ana",The Guardians,2007,,teaching,III. Teaching,Supplementary,,supplementary,yes,,"Castillo, Ana. The Guardians. Random House, 2007."
gomez-pena-bitacora-del-cruce-2006,"Gómez-Peña, Guillermo",Bitácora del cruce,2006,,teaching,III. Teaching,Supplementary,,supplementary,yes,,"Gómez-Peña, Guillermo. Bitácora del cruce. 2006."
diaz-postcolonial-love-poem-2020,"Díaz, Natalie",Postcolonial Love Poem,2020,,teaching,III. Teaching,Supplementary,,supplementary,yes,,"Díaz, Natalie. Postcolonial Love Poem. Graywolf Press, 2020."
pineda-nostalgia-doesn-t-flow-away-2024,"Pineda, Irma",Nostalgia Doesn't Flow Away Like Riverwater / Xilase qui rié di' sicasi rié nisa guiigu' / La nostalgia no se marcha como el agua de los ríos,2024,,teaching,III. Teaching,Supplementary,,supplementary,yes,,"Pineda, Irma. Nostalgia Doesn't Flow Away Like Riverwater / Xilase qui rié di' sicasi rié nisa guiigu' / La nostalgia no se marcha como el agua de los ríos. Traducción al inglés de Wendy Call, Phoneme Media / Deep Vellum, 2024."
martinez-teaching-late-twentieth-century-mexicana-2020,"Martínez, Elizabeth Coonrod, editora",Teaching Late-Twentieth-Century Mexicana and Chicana Writers,2020,,teaching,III. Teaching,Supplementary,,supplementary,yes,,"Martínez, Elizabeth Coonrod, editora. Teaching Late-Twentieth-Century Mexicana and Chicana Writers. Modern Language Association of America, 2020."
moraga-a-xicana-codex-of-changing-2011,"Moraga, Cherríe","A Xicana Codex of Changing Consciousness: Writings, 2000–2010",2011,,teaching,III. Teaching,Supplementary,,supplementary,yes,,"Moraga, Cherríe. A Xicana Codex of Changing Consciousness: Writings, 2000–2010. Duke University Press, 2011."
cisneros-woman-hollering-creek-and-other-1991,"Cisneros, Sandra",Woman Hollering Creek and Other Stories,1991,,teaching,III. Teaching,Supplementary,,supplementary,yes,,"Cisneros, Sandra. Woman Hollering Creek and Other Stories. Random House, 1991."
melendez-ciudadanos-por-tratado-textos-de-2025,"Meléndez, A","Ciudadanos por tratado: textos de los nuevomexicanos, 1846–1925",2025,,teaching,III. Teaching,Supplementary,,supplementary,yes,,"Meléndez, A. Gabriel, editor. Ciudadanos por tratado: textos de los nuevomexicanos, 1846–1925. Modern Language Association of America, 2025."
mohamed-ihab-bebars-voces-femeninas-en-el-cuento-2012,"Mohamed Ihab Bebars, Nehad","Voces femeninas en el cuento mexicano de la generación de medio siglo: la obra cuentística de Guadalupe Dueñas, Amparo Dávila e Inés Arredondo",2012,,teaching,III. Teaching,Supplementary,,supplementary,yes,,"Mohamed Ihab Bebars, Nehad. Voces femeninas en el cuento mexicano de la generación de medio siglo: la obra cuentística de Guadalupe Dueñas, Amparo Dávila e Inés Arredondo, 2012."
alberro-inquisicion-y-sociedad-en-mexico-1988,"Alberro, Solange","Inquisición y sociedad en México, 1571–1700",1988,,working-bibliography,Working bibliography,,,core,no,,"Alberro, Solange. Inquisición y sociedad en México, 1571–1700. Fondo de Cultura Económica, 1988."
aguilar-gil-aa-manifiestos-sobre-la-diversidad-2020,"Aguilar Gil, Yásnaya Elena",Ää: manifiestos sobre la diversidad lingüística,2020,,working-bibliography,Working bibliography,,,core,no,,"Aguilar Gil, Yásnaya Elena. Ää: manifiestos sobre la diversidad lingüística. Almadía, 2020."
beverley-testimonio-on-the-politics-of-2004,"Beverley, John",Testimonio: On the Politics of Truth,2004,,working-bibliography,Working bibliography,,,core,no,,"Beverley, John. Testimonio: On the Politics of Truth. University of Minnesota Press, 2004."
brooks-captives-and-cousins-slavery-kinship-2002,"Brooks, James F","Captives and Cousins: Slavery, Kinship, and Community in the Southwest Borderlands",2002,,working-bibliography,Working bibliography,,,core,no,,"Brooks, James F. Captives and Cousins: Slavery, Kinship, and Community in the Southwest Borderlands. University of North Carolina Press, 2002."
ebright-land-grants-and-lawsuits-in-1994,"Ebright, Malcolm",Land Grants and Lawsuits in Northern New Mexico,1994,,working-bibliography,Working bibliography,,,core,no,,"Ebright, Malcolm. Land Grants and Lawsuits in Northern New Mexico. University of New Mexico Press, 1994."
gutierrez-when-jesus-came-the-corn-1991,"Gutiérrez, Ramón A","When Jesus Came, the Corn Mothers Went Away: Marriage, Sexuality, and Power in New Mexico, 1500–1846",1991,,working-bibliography,Working bibliography,,,core,no,,"Gutiérrez, Ramón A. When Jesus Came, the Corn Mothers Went Away: Marriage, Sexuality, and Power in New Mexico, 1500–1846. Stanford University Press, 1991."
hendrickson-border-medicine-a-transcultural-history-2014,"Hendrickson, Brett",Border Medicine: A Transcultural History of Mexican American Curanderismo,2014,,working-bibliography,Working bibliography,,,core,no,,"Hendrickson, Brett. Border Medicine: A Transcultural History of Mexican American Curanderismo. New York University Press, 2014."
hirsch-the-generation-of-postmemory-writing-2012,"Hirsch, Marianne",The Generation of Postmemory: Writing and Visual Culture after the Holocaust,2012,,working-bibliography,Working bibliography,,,core,no,,"Hirsch, Marianne. The Generation of Postmemory: Writing and Visual Culture after the Holocaust. Columbia University Press, 2012."
jones-the-only-good-indians-2020,"Jones, Stephen Graham",The Only Good Indians,2020,,working-bibliography,Working bibliography,,,core,no,,"Jones, Stephen Graham. The Only Good Indians. Saga Press, 2020."
justice-why-indigenous-literatures-matter-2018,"Justice, Daniel Heath",Why Indigenous Literatures Matter,2018,,working-bibliography,Working bibliography,,,core,no,,"Justice, Daniel Heath. Why Indigenous Literatures Matter. Wilfrid Laurier University Press, 2018."
melchor-temporada-de-huracanes-2017,"Melchor, Fernanda",Temporada de huracanes,2017,,working-bibliography,Working bibliography,,,core,no,,"Melchor, Fernanda. Temporada de huracanes. Literatura Random House, 2017."
melendez-hidden-chicano-cinema-film-dramas-2013,"Meléndez, A",Hidden Chicano Cinema: Film Dramas in the Borderlands,2013,,working-bibliography,Working bibliography,,,core,no,,"Meléndez, A. Gabriel. Hidden Chicano Cinema: Film Dramas in the Borderlands. Rutgers University Press, 2013."
meyer-speaking-for-themselves-neomexicano-cult-1996,"Meyer, Doris","Speaking for Themselves: Neomexicano Cultural Identity and the Spanish-Language Press, 1880–1920",1996,,working-bibliography,Working bibliography,,,core,no,,"Meyer, Doris. Speaking for Themselves: Neomexicano Cultural Identity and the Spanish-Language Press, 1880–1920. University of New Mexico Press, 1996."
nieto-phillips-the-language-of-blood-the-2004,"Nieto-Phillips, John M","The Language of Blood: The Making of Spanish-American Identity in New Mexico, 1880s–1930s",2004,,working-bibliography,Working bibliography,,,core,no,,"Nieto-Phillips, John M. The Language of Blood: The Making of Spanish-American Identity in New Mexico, 1880s–1930s. University of New Mexico Press, 2004."
rappaport-beyond-the-lettered-city-indigenous-2012,"Rappaport, Joanne, y Tom Cummins",Beyond the Lettered City: Indigenous Literacies in the Andes,2012,,working-bibliography,Working bibliography,,,core,no,,"Rappaport, Joanne, y Tom Cummins. Beyond the Lettered City: Indigenous Literacies in the Andes. Duke University Press, 2012."
sklodowska-testimonio-hispanoamericano-historia-teo-1992,"Sklodowska, Elzbieta","Testimonio hispanoamericano: historia, teoría, poética",1992,,working-bibliography,Working bibliography,,,core,no,,"Sklodowska, Elzbieta. Testimonio hispanoamericano: historia, teoría, poética. Peter Lang, 1992."
weigle-brothers-of-light-brothers-of-1976,"Weigle, Marta","Brothers of Light, Brothers of Blood: The Penitentes of the Southwest",1976,,working-bibliography,Working bibliography,,,core,no,,"Weigle, Marta. Brothers of Light, Brothers of Blood: The Penitentes of the Southwest. University of New Mexico Press, 1976."
counter-mapping-https--counter-mapping,Counter Mapping: https://emergencemagazine,Counter Mapping,,,working-bibliography,Working bibliography,,,core,no,,Counter Mapping: https://emergencemagazine.org/feature/counter-mapping/
sagas-latino-colorado,"Sagás, Ernesto",Latino Colorado,,,working-bibliography,Working bibliography,,,core,no,,"Sagás, Ernesto. Latino Colorado"
akerman-de-l-autre-cote-2002,"Akerman, Chantal, directora",De l'autre côté,2002,,filmography,Working filmography,,,core,no,,"Akerman, Chantal, directora. De l'autre côté. 2002."
almada-el-velador-2011,"Almada, Natalia, directora",El velador,2011,,filmography,Working filmography,,,core,no,,"Almada, Natalia, directora. El velador. 2011."
arteaga-el-guardian-de-la-memoria-2019,"Arteaga, Marcela, directora",El guardián de la memoria,2019,,filmography,Working filmography,,,core,no,,"Arteaga, Marcela, directora. El guardián de la memoria. 2019."
esteinou-muki-sopalirili-aligue-gawichi-nirugame-2023,"Esteinou, Santiago, Javier Campos López y Axel Pedraza, directores",Mukí Sopalírili Aligué Gawichí Nirúgame / The Woman of Stars and Mountains,2023,,filmography,Working filmography,,,core,no,,"Esteinou, Santiago, Javier Campos López y Axel Pedraza, directores. Mukí Sopalírili Aligué Gawichí Nirúgame / The Woman of Stars and Mountains. 2023."
huezo-tempestad-2016,"Huezo, Tatiana, directora",Tempestad,2016,,filmography,Working filmography,,,core,no,,"Huezo, Tatiana, directora. Tempestad. 2016."
portillo-senorita-extraviada-2001,"Portillo, Lourdes, directora",Señorita extraviada,2001,,filmography,Working filmography,,,core,no,,"Portillo, Lourdes, directora. Señorita extraviada. 2001."
reggio-visitors-2013,"Reggio, Godfrey, director",Visitors,2013,,filmography,Working filmography,,,core,no,,"Reggio, Godfrey, director. Visitors. 2013."
rivera-sleep-dealer-2008,"Rivera, Alex, director",Sleep Dealer,2008,,filmography,Working filmography,,,core,no,,"Rivera, Alex, director. Sleep Dealer. 2008."
ruiz-kingdom-of-shadows-2015,"Ruiz, Bernardo, director",Kingdom of Shadows,2015,,filmography,Working filmography,,,core,no,,"Ruiz, Bernardo, director. Kingdom of Shadows. 2015."
rulfo-los-que-se-quedan-2008,"Rulfo, Juan Carlos, y Carlos Hagerman, directores",Los que se quedan,2008,,filmography,Working filmography,,,core,no,,"Rulfo, Juan Carlos, y Carlos Hagerman, directores. Los que se quedan. 2008."
lopez-vuelven,"López, Issa",Vuelven,,,filmography,Working filmography,,,core,no,,"López, Issa. Vuelven"
lyon-llanito-1971,"Lyon, Danny",Llanito,1971,,filmography,Working filmography,,,core,no,,"Lyon, Danny. Llanito. 1971"
