id,author,title,year,isbn,list_id,list,section,section_letter,group,examinable,other_titles,entry,file,how,note,ext,file_isbn,citable
aristoteles-poetica-1974,Aristóteles,Poética,1974,,theory,I. Theory,"A. Narrative Theory, Poetics, and Psychoanalysis",A,core,yes,,"Aristóteles. Poética. Edición trilingüe de Valentín García Yebra, Gredos, 1974.","Poética_ Magna Moralia_ (Biblioteca Clásica Gredos) -- Aristóteles [Aristóteles] -- Biblioteca clásica Gredos -- 390_, 1_ ed_, Madrid, Spain, -- isbn13 9788424917647 -- b7c337402ed89f34546ff52f1c4bf7a0 -- Anna’s Archive.pdf",matched (90),,.pdf,9788424917647,yes
cornejo-polar-escribir-en-el-aire-ensayo-1994,"Cornejo Polar, Antonio",Escribir en el aire: ensayo sobre la heterogeneidad socio-cultural en las literaturas andinas,1994,,theory,I. Theory,"A. Narrative Theory, Poetics, and Psychoanalysis",A,core,yes,,"Cornejo Polar, Antonio. Escribir en el aire: ensayo sobre la heterogeneidad socio-cultural en las literaturas andinas. Horizonte, 1994.",,,,,,
freud-el-malestar-en-la-cultura-1978,"Freud, Sigmund",El malestar en la cultura,1978,,theory,I. Theory,"A. Narrative Theory, Poetics, and Psychoanalysis",A,core,yes,Obras completas,"Freud, Sigmund. ""Lo ominoso."" 1919. El malestar en la cultura. 1930. Obras completas, traducción de José Luis Etcheverry, Amorrortu, 1978–79, vols. 17 y 21.","El malestar en la cultura -- Freud, Sigmund -- Bookwire GmbH, [Madrid, Spain], 2017 -- Ediciones Akal -- isbn13 9788446043843 -- cabe0abf005411e32da3fb06b05a34af -- Anna’s Archive.pdf",matched (90),,.pdf,9788446043843,yes
lacan-escritos-1-2012,"Lacan, Jacques",Escritos 1,2012,,theory,I. Theory,"A. Narrative Theory, Poetics, and Psychoanalysis",A,core,yes,Otros escritos,"Lacan, Jacques. ""El seminario sobre 'La carta robada'."" Escritos 1, traducción de Tomás Segovia, Siglo XXI Editores, 1971. ""Lituratierra."" Otros escritos, traducción de Graciela Esperanza et al., Paidós, 2012.","Escritos 1 (Spanish Edition) -- Jacques Lacan [Lacan, Jacques] -- 2009 -- Siglo XXI Editores Mexico -- f159192731b7b8bdb3266d2fc5ead8e7 -- Anna’s Archive.pdf",override,volume held; the two listed essays sit inside it,.pdf,,yes
lienhard-la-voz-y-su-huella-1990,"Lienhard, Martín",La voz y su huella: escritura y conflicto étnico-social en América Latina (1492–1988),1990,,theory,I. Theory,"A. Narrative Theory, Poetics, and Psychoanalysis",A,core,yes,,"Lienhard, Martín. La voz y su huella: escritura y conflicto étnico-social en América Latina (1492–1988). Casa de las Américas, 1990.","La voz y su huella -- Martin Lienhard -- 4, 2003 -- Casa Juan Pablos; Universidad de Ciencias y Artes de Chiapas -- 9789685422406 -- beacd4e52516754e4265cdc3f2400cd9 -- Anna’s Archive.pdf",matched (90),,.pdf,9789685422406,yes
pimentel-el-relato-en-perspectiva-estudio-1998,"Pimentel, Luz Aurora",El relato en perspectiva: estudio de teoría narrativa,1998,,theory,I. Theory,"A. Narrative Theory, Poetics, and Psychoanalysis",A,core,yes,,"Pimentel, Luz Aurora. El relato en perspectiva: estudio de teoría narrativa. Universidad Nacional Autónoma de México / Siglo XXI Editores, 1998.","El relato en perspectiva_ Estudio de teoría narrativa -- Luz Aurora Pimentel -- Lingüística y teoría literaria, 1998 -- Siglo XXI, UNAM -- isbn13 9789682321153 -- 949b65021ff0284c13e920d3209fdaa5 -- Anna’s Archive.pdf",matched (110),,.pdf,9789682321153,yes
rama-transculturacion-narrativa-en-america-la-1982,"Rama, Ángel",Transculturación narrativa en América Latina,1982,,theory,I. Theory,"A. Narrative Theory, Poetics, and Psychoanalysis",A,core,yes,,"Rama, Ángel. Transculturación narrativa en América Latina. Siglo XXI Editores, 1982.","RAMA, ÁNGEL - Transculturación Narrativa en América Latina -- ganz1912 -- 2019 -- cb1ec5f4ae0863755d57fac8b9182db4 -- Anna’s Archive.pdf",matched (110),,.pdf,,yes
williams-the-other-side-of-the-2002,"Williams, Gareth",The Other Side of the Popular: Neoliberalism and Subalternity in Latin America,2002,,theory,I. Theory,"A. Narrative Theory, Poetics, and Psychoanalysis",A,core,yes,,"Williams, Gareth. The Other Side of the Popular: Neoliberalism and Subalternity in Latin America. Duke University Press, 2002.","The Other Side of the Popular _ Neoliberalism and -- Gareth Williams -- Duke University Press, Durham [N_C_], 2002 -- Duke University Press Books -- isbn13 9780822329251 -- 42c3ae18f859aeb3e5dd30132b22b42d -- Anna’s Archive.pdf",matched (110),,.pdf,9780822329251,yes
derrida-mal-de-archivo-una-impresion-1997,"Derrida, Jacques",Mal de archivo: una impresión freudiana,1997,,theory,I. Theory,"B. Haunting, Archives, and Embodied Memory",B,core,yes,,"Derrida, Jacques. Mal de archivo: una impresión freudiana. Traducción de Paco Vidarte, Trotta, 1997.","Mal de archivo_ una impresión freudiana -- Jacques Derrida; Paco Vidarte -- Estructuras y Procesos_ Filosofía, 1a, 1997 -- Trotta Trotta -- isbn13 9788481641332 -- 1991aab86a9a6c8f86857e8e412f18a1 -- Anna’s Archi.pdf",matched (85),,.pdf,9788481641332,yes
gordon-ghostly-matters-haunting-and-the-1997,"Gordon, Avery F",Ghostly Matters: Haunting and the Sociological Imagination,1997,,theory,I. Theory,"B. Haunting, Archives, and Embodied Memory",B,core,yes,,"Gordon, Avery F. Ghostly Matters: Haunting and the Sociological Imagination. University of Minnesota Press, 1997.","Ghostly Matters _ Haunting and the Sociological Imagination -- Avery F_ Gordon, with a new introduction; foreword by Janice -- 2nd University of -- isbn13 9780816620838 -- 3a7624efe659c878213766da39aa82d7 -- Anna’s Archive.pdf",matched (110),,.pdf,9780816620838,yes
jelin-los-trabajos-de-la-memoria-2002,"Jelin, Elizabeth",Los trabajos de la memoria,2002,,theory,I. Theory,"B. Haunting, Archives, and Embodied Memory",B,core,yes,,"Jelin, Elizabeth. Los trabajos de la memoria. Siglo XXI Editores, 2002.","Los trabajos de la memoria -- Jelin, Elizabeth -- Bookwire GmbH, Buenos Aires, Argentina, 2021 -- Fondo de Cultura Económica Argentina -- isbn13 9789877192537 -- 70a3e9a075182ac0830b2ecac53031dd -- Anna’s Archive.pdf",matched (90),,.pdf,9789877192537,yes
molloy-acto-de-presencia-la-escritura-1996,"Molloy, Sylvia",Acto de presencia: la escritura autobiográfica en Hispanoamérica,1996,,theory,I. Theory,"B. Haunting, Archives, and Embodied Memory",B,core,yes,,"Molloy, Sylvia. Acto de presencia: la escritura autobiográfica en Hispanoamérica. Traducción de José Esteban Calderón, El Colegio de México / Fondo de Cultura Económica, 1996.","Acto de presencia _ la escritura autobiográfica en -- Molloy, Sylvia -- Serie Estudios de lingüística y literatura -- 35, Colección -- México, D_F_ _ -- isbn13 9789681208035 -- 7cf48f589a784a099a6af2f88b4ee3c0 -- Anna’s Archive.pdf",matched (110),,.pdf,9789681208035,yes
stoler-along-the-archival-grain-epistemic-2009,"Stoler, Ann Laura",Along the Archival Grain: Epistemic Anxieties and Colonial Common Sense,2009,,theory,I. Theory,"B. Haunting, Archives, and Embodied Memory",B,core,yes,,"Stoler, Ann Laura. Along the Archival Grain: Epistemic Anxieties and Colonial Common Sense. Princeton University Press, 2009.","Along the Archival Grain _ Epistemic Anxieties and Colonial -- Ann Laura Stoler -- 1, 2010-02-14 -- Princeton University Press -- isbn13 9780691015774 -- 7f28fb8fc712fd06b69f34b1c2012039 -- Anna’s Archive.pdf",matched (110),,.pdf,9780691015774,yes
taylor-the-archive-and-the-repertoire-2003,"Taylor, Diana",The Archive and the Repertoire: Performing Cultural Memory in the Americas,2003,,theory,I. Theory,"B. Haunting, Archives, and Embodied Memory",B,core,yes,,"Taylor, Diana. The Archive and the Repertoire: Performing Cultural Memory in the Americas. Duke University Press, 2003.","El archivo y el repertorio_ el cuerpo y la memoria cultural -- Diana Taylor; traducción de Anabelle Contreras Castro -- Colección Antropología, -- isbn13 9789569320828 -- 3dbfb007feaa40f271b6acf6ce63611d -- Anna’s Archive.pdf",override,Spanish translation,.pdf,9789569320828,yes
adorno-the-polemics-of-possession-in-2007,"Adorno, Rolena",The Polemics of Possession in Spanish American Narrative,2007,,theory,I. Theory,"C. Coloniality, Possession, and Racial Geographies",C,core,yes,,"Adorno, Rolena. The Polemics of Possession in Spanish American Narrative. Yale University Press, 2007.",Rolena Adorno_Polemics of Possesion.pdf,override,filename misspells Possesion — no token overlap,.pdf,,yes
gerhard-la-frontera-norte-de-la-1996,"Gerhard, Peter",La frontera norte de la Nueva España,1996,,theory,I. Theory,"C. Coloniality, Possession, and Racial Geographies",C,core,yes,,"Gerhard, Peter. La frontera norte de la Nueva España. Traducción de Patricia Escandón Bolaños, mapas de Bruce Campbell, Universidad Nacional Autónoma de México, 1996.",La frontera norte de la nueva españa.pdf,matched (85),,.pdf,,yes
gomez-barris-the-extractive-zone-social-ecologies-2017,"Gómez-Barris, Macarena",The Extractive Zone: Social Ecologies and Decolonial Perspectives,2017,,theory,I. Theory,"C. Coloniality, Possession, and Racial Geographies",C,core,yes,,"Gómez-Barris, Macarena. The Extractive Zone: Social Ecologies and Decolonial Perspectives. Duke University Press, 2017.","The Extractive Zone_ Social Ecologies and Decolonial -- Macarena Gómez-Barris -- Dissident acts, Durham, 2017 -- Duke University Press Books -- isbn13 9780822368755 -- c3da1f8ff022650051242aae75f1bffa -- Anna’s Archive.pdf",matched (110),,.pdf,9780822368755,yes
jauregui-espectros-y-conjuras-asedios-a-2020,"Jáuregui, Carlos A",Espectros y conjuras: asedios a la cuestión colonial,2020,,theory,I. Theory,"C. Coloniality, Possession, and Racial Geographies",C,core,yes,,"Jáuregui, Carlos A. Espectros y conjuras: asedios a la cuestión colonial. Iberoamericana / Vervuert, 2020.","Espectros y conjuras- Asedios a la cuestión colonial -- Carlos A_ Jáuregui -- Parecos y australes_ Ensayos de Cultura de la Colonia; 25, -- Vervuert -- 9783964568182 -- a8875767c5758e8601e5925013373a26 -- Anna’s Archive.pdf",matched (110),,.pdf,9783964568182,yes
saldana-portillo-indian-given-racial-geographies-across-2016,"Saldaña-Portillo, María Josefina",Indian Given: Racial Geographies across Mexico and the United States,2016,,theory,I. Theory,"C. Coloniality, Possession, and Racial Geographies",C,core,yes,,"Saldaña-Portillo, María Josefina. Indian Given: Racial Geographies across Mexico and the United States. Duke University Press, 2016.","Indian Given_ Racial Geographies across Mexico and the -- María Josefina Saldaña-Portillo -- Latin America otherwise _ languages, empires, nations, -- isbn13 9780822359883 -- e9c35a63deb7d6c6e530e58b192fdb18 -- Anna’s Archive.pdf",matched (110),,.pdf,9780822359883,yes
taussig-shamanism-colonialism-and-the-wild-1987,"Taussig, Michael","Shamanism, Colonialism, and the Wild Man: A Study in Terror and Healing",1987,,theory,I. Theory,"C. Coloniality, Possession, and Racial Geographies",C,core,yes,,"Taussig, Michael. Shamanism, Colonialism, and the Wild Man: A Study in Terror and Healing. University of Chicago Press, 1987.","Shamanism, colonialism, and the wild man _ a study in terror -- Michael Taussig, Michael T_ Taussig -- ACLS Humanities E-Book, Chicago, 1986, ©1987 -- isbn13 9780226790114 -- b07beae998f5890dcb339da8906deff3 -- Anna’s Archive.pdf",matched (110),,.pdf,9780226790114,yes
anzaldua-borderlands-la-frontera-the-new-1987,"Anzaldúa, Gloria",Borderlands / La Frontera: The New Mestiza,1987,,theory,I. Theory,"D. Chicana Feminisms, Indigenous Knowledge, and Borderlands Religion",D,core,yes,,"Anzaldúa, Gloria. Borderlands / La Frontera: The New Mestiza. Aunt Lute Books, 1987.","Borderlands _ the new Mestiza = La Frontera -- Anzaldúa, Gloria -- 1st ed_, San Francisco, 1991 -- San Francisco _ Aunt Lute Books -- isbn13 9781879960121 -- 05c1474bd01ce6aacd9ccedf8bc96ef5 -- Anna’s Archive.pdf",matched (90),,.pdf,9781879960121,yes
castillo-massacre-of-the-dreamers-essays-1994,"Castillo, Ana",Massacre of the Dreamers: Essays on Xicanisma,1994,,theory,I. Theory,"D. Chicana Feminisms, Indigenous Knowledge, and Borderlands Religion",D,core,yes,,"Castillo, Ana. Massacre of the Dreamers: Essays on Xicanisma. University of New Mexico Press, 1994.","Massacre of the Dreamers _ Essays on Xicanisma_ 20th -- Castillo, Ana; Estés, Clarissa Pinkola -- 20th Anniversary updated edition, Albuquerque, 2014 -- isbn13 9780826353580 -- 467d293626403870bd98ab4a77f433e5 -- Anna’s Archive.pdf",matched (110),,.pdf,9780826353580,yes
delgado-you-re-not-indian-you-2007,"Delgado, Vivian","You're Not Indian, You're Mexican",2007,,theory,I. Theory,"D. Chicana Feminisms, Indigenous Knowledge, and Borderlands Religion",D,core,yes,,"Delgado, Vivian. You're Not Indian, You're Mexican. Turtle Island Press, 2007.",,,,,,
gonzales-red-medicine-traditional-indigenous-rite-2012,"Gonzales, Patrisia",Red Medicine: Traditional Indigenous Rites of Birthing and Healing,2012,,theory,I. Theory,"D. Chicana Feminisms, Indigenous Knowledge, and Borderlands Religion",D,core,yes,,"Gonzales, Patrisia. Red Medicine: Traditional Indigenous Rites of Birthing and Healing. University of Arizona Press, 2012.",Red_Medicine_Traditional_Indigenous_Rites_of_Birth....pdf,matched (85),,.pdf,,yes
leon-la-llorona-s-children-religion-2004,"León, Luis D","La Llorona's Children: Religion, Life, and Death in the U.S.–Mexican Borderlands",2004,,theory,I. Theory,"D. Chicana Feminisms, Indigenous Knowledge, and Borderlands Religion",D,core,yes,,"León, Luis D. La Llorona's Children: Religion, Life, and Death in the U.S.–Mexican Borderlands. University of California Press, 2004.","La Llorona's Children _ Religion, Life, and Death in the -- León, Luis D_ -- Reprint 2019, 2004 dec 31 -- University of California Press -- isbn13 9780520223509 -- 906539c58ccfcc90601d9b98d53c29b3 -- Anna’s Archive.pdf",matched (110),,.pdf,9780520223509,yes
simpson-mohawk-interruptus-political-life-across-2014,"Simpson, Audra",Mohawk Interruptus: Political Life across the Borders of Settler States,2014,,theory,I. Theory,"E. Indigenous Studies: Sovereignty, Refusal, and Temporality",E,core,yes,,"Simpson, Audra. Mohawk Interruptus: Political Life across the Borders of Settler States. Duke University Press, 2014.","Mohawk interruptus _ {political life across the borders of -- Simpson, Audra -- 2014 may 27 -- Duke University Press_ London -- isbn13 9780822356431 -- 969d649e33a5dbc4008df5128a3ecbd1 -- Anna’s Archive.pdf",matched (110),,.pdf,9780822356431,yes
fong-ethnic-studies-research-approaches-and-2008,"Fong, Timothy P",Ethnic Studies Research: Approaches and Perspectives,2008,,theory,I. Theory,F. Ethnography and Ethnic Studies Methods,F,core,yes,,"Fong, Timothy P., editor. Ethnic Studies Research: Approaches and Perspectives. AltaMira Press, 2008.",Ethnic Studies Researchepub.epub,override,the .lcpdf beside it is DRM-locked and unusable,.epub,,no
sanjek-fieldnotes-the-makings-of-anthropology-1990,"Sanjek, Roger, editor",Fieldnotes: The Makings of Anthropology,1990,,theory,I. Theory,F. Ethnography and Ethnic Studies Methods,F,core,yes,,"Sanjek, Roger, editor. Fieldnotes: The Makings of Anthropology. Cornell University Press, 1990.","Fieldnotes _ the Makings of Anthropology -- Sanjek, Roger (editor) -- 2019 dec 31 -- Cornell University Press -- isbn13 9781501711954 -- 0f8cdea2869abd51f2da0e9e89b781ea -- Anna’s Archive.pdf",override,,.pdf,9781501711954,yes
segato-la-critica-de-la-colonialidad-2021,"Segato, Rita Laura",La crítica de la colonialidad en ocho ensayos: y una antropología por demanda,2021,,theory,I. Theory,Supplementary,,supplementary,yes,,"Segato, Rita Laura. La crítica de la colonialidad en ocho ensayos: y una antropología por demanda. Prometeo Libros, 2021.",,,,,,
rifkin-beyond-settler-time-temporal-sovereignty-2017,"Rifkin, Mark",Beyond Settler Time: Temporal Sovereignty and Indigenous Self-Determination,2017,,theory,I. Theory,Supplementary,,supplementary,yes,,"Rifkin, Mark. Beyond Settler Time: Temporal Sovereignty and Indigenous Self-Determination. Duke University Press, 2017.",,,,,,
cabeza-de-vaca-naufragios-1989,"Cabeza de Vaca, Álvar Núñez",Naufragios,1989,,dissertation,II. Dissertation,"A. Colonial Narratives, Inquisitorial Archives, and Territorial Formation",A,core,yes,,"Cabeza de Vaca, Álvar Núñez. Naufragios. Edición de Juan Francisco Maura, Cátedra, 1989.","Naufragios de Alvar Núñez Cabeza de Vaca -- Álvar Núñez Cabeza de Vaca -- Middlesex, 2007 -- The Echo Library -- isbn13 9781406847048 -- c983bc018ab3208d7f3544ead4427f16 -- Anna’s Archive.pdf",matched (90),,.pdf,9781406847048,yes
villagra-historia-de-la-nueva-mexico-2010,"Villagrá, Gaspar Pérez de",Historia de la Nueva México,2010,,dissertation,II. Dissertation,"A. Colonial Narratives, Inquisitorial Archives, and Territorial Formation",A,core,yes,,"Villagrá, Gaspar Pérez de. Historia de la Nueva México. Edición de Manuel M. Martín Rodríguez, Instituto Franklin / Universidad de Alcalá, 2010.","Historia de la Nueva México -- Villagrá, Gaspar de -- elibro_net, Alcalá de Henares, 2011 -- Editorial Universidad de Alcalá -- isbn13 9788481388824 -- d51909a3110f65fd03ee1d91fce6cd8c -- Anna’s Archive.pdf",matched (110),,.pdf,9788481388824,yes
flores-relatos-populares-de-la-inquisicion-2010,"Flores, Enrique, Mariana Masera, coordinadores","Relatos populares de la Inquisición novohispana: rito, magia y otras ""supersticiones"", siglos XVII–XVIII",2010,,dissertation,II. Dissertation,"A. Colonial Narratives, Inquisitorial Archives, and Territorial Formation",A,core,yes,,"Flores, Enrique, Mariana Masera, coordinadores. Relatos populares de la Inquisición novohispana: rito, magia y otras ""supersticiones"", siglos XVII–XVIII. Consejo Superior de Investigaciones Científicas / Universidad Nacional Autónoma de México, 2010.","Relatos populares de la Inquisición novohispana _ rito, -- Claudia Carranza; Enrique Flores; Mariana Masera; Consejo -- first, 2010 -- Editorial CSIC -- isbn13 9786070218620 -- 2c5af51dada4a952a967cc57a059cb1a -- Anna’s Archive.pdf",override,list entry abbreviates the title,.pdf,9786070218620,yes
ebright-the-witches-of-abiquiu-the-2006,"Ebright, Malcolm, Rick Hendricks","The Witches of Abiquiu: The Governor, the Priest, the Genízaro Indians, and the Devil",2006,,dissertation,II. Dissertation,"A. Colonial Narratives, Inquisitorial Archives, and Territorial Formation",A,core,yes,,"Ebright, Malcolm, Rick Hendricks. The Witches of Abiquiu: The Governor, the Priest, the Genízaro Indians, and the Devil. University of New Mexico Press, 2006.",,,,,,
espinosa-the-folklore-of-spain-in-1985,"Espinosa, Aurelio M",The Folklore of Spain in the American Southwest: Traditional Spanish Folk Literature in Northern New Mexico and Southern Colorado,1985,,dissertation,II. Dissertation,"B. Oral Tradition, Regional Language, and Folklore Collection",B,core,yes,,"Espinosa, Aurelio M. The Folklore of Spain in the American Southwest: Traditional Spanish Folk Literature in Northern New Mexico and Southern Colorado. Edición de J. Manuel Espinosa, University of Oklahoma Press, 1985.","The Folklore of Spain in the American Southwest _ -- Espinosa, Aurelio Macedonio; Espinosa, J_ Manuel -- University of Oklahoma Press, Norman, Okla, -- 9780585145983 -- 78eadff7a5189a6490924bba3fea9dd8 -- Anna’s Archive.pdf",matched (110),,.pdf,9780585145983,yes
espinosa-cuentos-de-cuanto-hay-tales-1998,"Espinosa, J",Cuentos de cuanto hay / Tales from Spanish New Mexico,1998,,dissertation,II. Dissertation,"B. Oral Tradition, Regional Language, and Folklore Collection",B,core,yes,,"Espinosa, J. Manuel, recopilador. Cuentos de cuanto hay / Tales from Spanish New Mexico. Edición y traducción de Joe Hayes, ilustraciones de William Rotsaert, University of New Mexico Press, 1998.","Cuentos de Cuanto Hay_ Tales from Spanish New Mexico -- Espinosa, J_ Manuel (José Manuel), 1909-; Hayes, Joe -- 1st ed_, Albuquerque, New Mexico, -- isbn13 9780826319272 -- add192ec82b20f34df646cb9fbecf241 -- Anna’s Archive.pdf",override,,.pdf,9780826319272,yes
griego-y-maestas-cuentos-tales-from-the-hispanic-1980,"Griego y Maestas, José, y Rudolfo A",Cuentos: Tales from the Hispanic Southwest,1980,,dissertation,II. Dissertation,"B. Oral Tradition, Regional Language, and Folklore Collection",B,core,yes,,"Griego y Maestas, José, y Rudolfo A. Anaya, editores. Cuentos: Tales from the Hispanic Southwest. Museum of New Mexico Press, 1980.","Cuentos_ Tales from the Hispanic Southwest_ Based on Stories -- selected by and adapted in Spanish by José Griego y Maestas; -- Santa Fe, N_M, ©1980, -- 9780890131107 -- 73a969f2aaeb372fbafdf4c9fbe476bf -- Anna’s Archive.pdf",matched (110),,.pdf,9780890131107,yes
pijoan-de-van-etten-spanish-american-folktales-the-practical-1990,"Pijoan de Van Etten, Teresa",Spanish-American Folktales: The Practical Wisdom of Spanish-Americans in 28 Eloquent and Simple Stories,1990,,dissertation,II. Dissertation,"B. Oral Tradition, Regional Language, and Folklore Collection",B,core,yes,,"Pijoan de Van Etten, Teresa. Spanish-American Folktales: The Practical Wisdom of Spanish-Americans in 28 Eloquent and Simple Stories. August House, 1990.","Spanish-American folktales _  the  practical wisdom of -- Pijoan, Teresa, 1951- -- 1st ed_, Little Rock, Arkansas, 1990 -- Little Rock _ August House -- isbn13 9780874831559 -- 84404b6bd31153658315495f67a0d170 -- Anna’s Archive.pdf",matched (110),,.pdf,9780874831559,yes
rael-cuentos-espanoles-de-colorado-y-1977,"Rael, Juan B",Cuentos españoles de Colorado y Nuevo México / Spanish Folk Tales from Colorado and New Mexico,1977,,dissertation,II. Dissertation,"B. Oral Tradition, Regional Language, and Folklore Collection",B,core,yes,,"Rael, Juan B., recopilador. Cuentos españoles de Colorado y Nuevo México / Spanish Folk Tales from Colorado and New Mexico. Museum of New Mexico Press, 1977. 2 vols.","Cuentos Españoles De Colorado Y Nuevo México =_ Spanish Folk -- Rael, Juan Bautista_ -- 2d ed_, rev_, Santa Fe, New Mexico, 1977 -- Santa Fe_ Museum -- 9780890130933 -- 4352bea88e457328370a1b7fa8adc57c -- Anna’s Archive.pdf",matched (110),,.pdf,9780890130933,yes
rebolledo-women-s-tales-from-the-2000,"Rebolledo, Tey Diana, y María Teresa Márquez, editoras",Women's Tales from the New Mexico WPA: La diabla a pie,2000,,dissertation,II. Dissertation,"B. Oral Tradition, Regional Language, and Folklore Collection",B,core,yes,,"Rebolledo, Tey Diana, y María Teresa Márquez, editoras. Women's Tales from the New Mexico WPA: La diabla a pie. Arte Público Press, 2000.",Women's Tales from the New Mexico WPA_ La Diabla a Pie -- Tey Diana Rebolledo; María Teresa Márquez -- Recovering the U_S Hispanic Literary Heritage -- isbn13 9781558853126 -- c2ac911d43f7090048c2f275f895f009 -- Anna’s Archive.pdf,matched (85),,.pdf,9781558853126,yes
vigil-the-corn-woman-stories-and-1994,"Vigil, Ángel, recopilador",The Corn Woman: Stories and Legends of the Hispanic Southwest,1994,,dissertation,II. Dissertation,"B. Oral Tradition, Regional Language, and Folklore Collection",B,core,yes,,"Vigil, Ángel, recopilador. The Corn Woman: Stories and Legends of the Hispanic Southwest. Traducción de Jennifer Audrey Lowell, Libraries Unlimited, 1994.","The corn woman _ stories and legends of the Hispanic -- retold by Angel Vigil; translated by Jennifer Audrey Lowell -- Bloomsbury USA, Englewood, -- 9780313069895 -- c92fca77f069c30392a6383e68e1bf56 -- Anna’s Archi.pdf",matched (85),,.pdf,9780313069895,yes
delgado-witch-stories-of-new-mexico-1994,"Delgado, Edmundo R",Witch Stories of New Mexico: Folklore of New Spain / Cuentos de brujas de Nuevo México: folklore de la Nueva España,1994,,dissertation,II. Dissertation,"C. Witchcraft, Healing, and Supernatural Encounters",C,core,yes,,"Delgado, Edmundo R., editor. Witch Stories of New Mexico: Folklore of New Spain / Cuentos de brujas de Nuevo México: folklore de la Nueva España. E. R. Delgado, 1994.",,,,,,
garcia-brujas-bultos-y-brasas-tales-1999,"García, Nasario, recopilador","Brujas, bultos, y brasas: Tales of Witchcraft and the Supernatural in the Pecos Valley",1999,,dissertation,II. Dissertation,"C. Witchcraft, Healing, and Supernatural Encounters",C,core,yes,,"García, Nasario, recopilador. Brujas, bultos, y brasas: Tales of Witchcraft and the Supernatural in the Pecos Valley. Western Edge Press, 1999.",,,,,,
garcia-brujerias-stories-of-witchcraft-and-2007,"García, Nasario",Brujerías: Stories of Witchcraft and the Supernatural in the American Southwest and Beyond,2007,,dissertation,II. Dissertation,"C. Witchcraft, Healing, and Supernatural Encounters",C,core,yes,,"García, Nasario. Brujerías: Stories of Witchcraft and the Supernatural in the American Southwest and Beyond. Texas Tech University Press, 2007.",,,,,,
kraul-the-weeping-woman-encounters-with-1988,"Kraul, Edward Garcia, y Judith Beatty",The Weeping Woman: Encounters with La Llorona,1988,,dissertation,II. Dissertation,"C. Witchcraft, Healing, and Supernatural Encounters",C,core,yes,,"Kraul, Edward Garcia, y Judith Beatty. The Weeping Woman: Encounters with La Llorona. Word Process, 1988.","The Weeping woman _ encounters with La Llorona -- Kraul, Edward Garcia; Beatty, Judith -- 1st ed_, Santa Fe, N_M, New Mexico, 1988 -- Santa Fe, N_M_ _ -- isbn13 9780945937067 -- 3a0fc7f030b1bdd249e36e8817fdfeea -- Anna’s Archive.pdf",matched (110),,.pdf,9780945937067,yes
garcez-american-indian-ghost-stories-of-2003,"Garcez, Antonio R",American Indian Ghost Stories of the West,2003,,dissertation,II. Dissertation,D. Literary Reworkings and Comparative Indigenous Horror,D,core,yes,,"Garcez, Antonio R. American Indian Ghost Stories of the West. Red Rabbit Press, 2003.",,,,,,
sagel-hablando-de-brujas-y-la-1981,"Sagel, Jim",Hablando de brujas y la gente de antes: poemas del Río Chama,1981,,dissertation,II. Dissertation,D. Literary Reworkings and Comparative Indigenous Horror,D,core,yes,,"Sagel, Jim. Hablando de brujas y la gente de antes: poemas del Río Chama. Introducción de John Nichols, Place of Herons Press, 1981.","Hablando De Brujas Y La Gente De Antes_ Poemas Del Río Chama -- por Jim Sagel; introduction by John Nichols -- Austin, Tex, Texas, 1981 -- Austin, -- 9780916908027 -- 01952a1d38588e8dc6a20a5044187476 -- Anna’s Arc.pdf",matched (85),,.pdf,9780916908027,yes
abudu-living-with-ghosts-a-reader-2022,"Abudu, KJ, editor",Living with Ghosts: A Reader,2022,,dissertation,II. Dissertation,"E. Hauntology, Spectrality, and Historical Temporality",E,core,yes,,"Abudu, KJ, editor. Living with Ghosts: A Reader. Pace Publishing, 2022.",,,,,,
derrida-specters-of-marx-the-state-1994,"Derrida, Jacques","Specters of Marx: The State of the Debt, the Work of Mourning, and the New International",1994,,dissertation,II. Dissertation,"E. Hauntology, Spectrality, and Historical Temporality",E,core,yes,,"Derrida, Jacques. Specters of Marx: The State of the Debt, the Work of Mourning, and the New International. Traducción de Peggy Kamuf, Routledge, 1994.","Espectros de Marx_ El Estado de la deuda, el trabajo del -- Jacques Derrida -- 1998 -- Editorial Trotta, S_A_ -- isbn13 9788413641379 -- 67c37d71757e81c978c856105b61f8f3 -- Anna’s Archive.pdf",override,Spanish translation; equivalence accepted by Zazil,.pdf,9788413641379,yes
weinstock-spectral-america-phantoms-and-the-2004,"Weinstock, Jeffrey Andrew, editor",Spectral America: Phantoms and the National Imagination,2004,,dissertation,II. Dissertation,"E. Hauntology, Spectrality, and Historical Temporality",E,core,yes,,"Weinstock, Jeffrey Andrew, editor. Spectral America: Phantoms and the National Imagination. University of Wisconsin Press, 2004.",,,,,,
keetley-folk-horror-new-global-pathways-2023,"Keetley, Dawn, y Ruth Heholt, editoras",Folk Horror: New Global Pathways,2023,,dissertation,II. Dissertation,"F. Haunting as Aesthetic and Narrative Experience: The Fantastic, the Gothic, and Magical Realism",F,core,yes,,"Keetley, Dawn, y Ruth Heholt, editoras. Folk Horror: New Global Pathways. University of Wales Press, 2023.","Folk Horror_ New Global Pathways (Horror Studies) -- Dawn Keetley (editor), Ruth Heholt (editor) -- Horror Studies, 1, 2023 -- Gwasg Prifysgol Cymru _ -- isbn13 9781786839794 -- 50b9aeea78c642e88c32c5f2c8fd07eb -- Anna’s Archive.epub",matched (110),,.epub,9781786839794,no
todorov-the-fantastic-a-structural-approach-1975,"Todorov, Tzvetan",The Fantastic: A Structural Approach to a Literary Genre,1975,,dissertation,II. Dissertation,"F. Haunting as Aesthetic and Narrative Experience: The Fantastic, the Gothic, and Magical Realism",F,core,yes,,"Todorov, Tzvetan. The Fantastic: A Structural Approach to a Literary Genre. Traducción de Richard Howard, Cornell University Press, 1975.","Teorías de lo fantástico (Lecturas) (Spanish Edition) -- Jaime Alazraki, Jean Bellemin-Noël, Irène Bessière, Roger -- Bibliotheca Philologica_ Serie -- isbn13 9788476354537 -- 2cfd627e742bd7592753cc4cb63d5f3f -- Anna’s Archive.pdf",override,Spanish translation of Todorov; equivalence accepted,.pdf,9788476354537,yes
walter-magical-realism-in-contemporary-chicano-1993,"Walter, Roland",Magical Realism in Contemporary Chicano Fiction,1993,,dissertation,II. Dissertation,"F. Haunting as Aesthetic and Narrative Experience: The Fantastic, the Gothic, and Magical Realism",F,core,yes,,"Walter, Roland. Magical Realism in Contemporary Chicano Fiction. Vervuert, 1993.","Magical Realism in Contemporary Chicano Fiction _$bRon -- Walter, Roland (Roland Gerhard Mike) -- Editionen der Iberoamericana_ Reihe III, -- isbn13 9783893548484 -- 1edc99f54d4966445364b56035a3b2d2 -- Anna’s Archive.pdf",matched (110),,.pdf,9783893548484,yes
blanco-ghost-watching-american-modernity-haunti-2012,"Blanco, María del Pilar","Ghost-Watching American Modernity: Haunting, Landscape, and the Hemispheric Imagination",2012,,dissertation,II. Dissertation,"G. Chicana Spatial Criticism, Borderlands, and Hemispheric Haunting",G,core,yes,,"Blanco, María del Pilar. Ghost-Watching American Modernity: Haunting, Landscape, and the Hemispheric Imagination. Fordham University Press, 2012.","Ghost-Watching American Modernity _ Haunting, Landscape, and -- Blanco, María del Pilar -- 2012 mar 01 -- Fordham University Press -- isbn13 9780823242146 -- 61c9fd33308f8a3be9d19491aa3af3eb -- Anna’s Archive.pdf",matched (110),,.pdf,9780823242146,yes
brady-extinct-lands-temporal-geographies-chica-2002,"Brady, Mary Pat","Extinct Lands, Temporal Geographies: Chicana Literature and the Urgency of Space",2002,,dissertation,II. Dissertation,"G. Chicana Spatial Criticism, Borderlands, and Hemispheric Haunting",G,core,yes,,"Brady, Mary Pat. Extinct Lands, Temporal Geographies: Chicana Literature and the Urgency of Space. Duke University Press, 2002.","Extinct Lands, Temporal Geographies_ Chicana Literature and -- Mary Pat Brady -- Latin America otherwise, Durham, North Carolina, 2002 -- Duke -- isbn13 9780822329749 -- 5fb2b67f4160ee741157942ad763c367 -- Anna’s Archive.pdf",matched (110),,.pdf,9780822329749,yes
perez-there-was-a-woman-la-2008,"Perez, Domino Renee",There Was a Woman: La Llorona from Folklore to Popular Culture,2008,,dissertation,II. Dissertation,"G. Chicana Spatial Criticism, Borderlands, and Hemispheric Haunting",G,core,yes,,"Perez, Domino Renee. There Was a Woman: La Llorona from Folklore to Popular Culture. University of Texas Press, 2008.","There Was a Woman _ La Llorona From Folklore to Popular -- by Domino Renee Perez -- University of Texas Press, Austin, 2008 -- University of Texas -- isbn13 9780292718111 -- d6c4bfe86395bc3c28b9b52ce5c9c93b -- Anna’s Archive.pdf",matched (110),,.pdf,9780292718111,yes
bolanos-colonialism-past-and-present-reading-2002,"Bolaños, Álvaro Félix, Gustavo Verdesio, editores",Colonialism Past and Present: Reading and Writing about Colonial Latin America Today,2002,,dissertation,II. Dissertation,"H. Archival Criticism, Documents, and Media",H,core,yes,,"Bolaños, Álvaro Félix, Gustavo Verdesio, editores. Colonialism Past and Present: Reading and Writing about Colonial Latin America Today. State University of New York Press, 2002.","Colonialism past and present _ reading and writing about -- Bolaños, Alvaro Félix, 1955-; Verdesio, Gustavo -- State University of New York Press, -- isbn13 9780585442846 -- 92b8d77af893573db2546ccce69e3b5d -- Anna’s Archive.pdf",matched (110),,.pdf,9780585442846,yes
morana-coloniality-at-large-latin-america-2008,"Moraña, Mabel, Enrique Dussel y Carlos A",Coloniality at Large: Latin America and the Postcolonial Debate,2008,,dissertation,II. Dissertation,"H. Archival Criticism, Documents, and Media",H,core,yes,,"Moraña, Mabel, Enrique Dussel y Carlos A. Jáuregui, editores. Coloniality at Large: Latin America and the Postcolonial Debate. Duke University Press, 2008.",Coloniality at Large _ Latin America and the Postcolonial -- Mabel Moraña (editor); Enrique Dussel (editor); Carlos A_ -- Latin America otherwise _ -- isbn13 9780822341475 -- 148b02da64da083790198998d98de86e -- Anna’s Archive.pdf,matched (110),,.pdf,9780822341475,yes
gonzales-nacion-genizara-ethnogenesis-place-and-2019,"Gonzales, Moises, y Enrique R","Nación Genízara: Ethnogenesis, Place, and Identity in New Mexico",2019,,dissertation,II. Dissertation,J. Nuevomexicano Cultural History and Genízaro Identity,J,core,yes,,"Gonzales, Moises, y Enrique R. Lamadrid, editores. Nación Genízara: Ethnogenesis, Place, and Identity in New Mexico. University of New Mexico Press, 2019.","Nación Ǵenízara _ ethnogenesis, place, and identity in -- Moises Gonzales; Enrique R_ Lamadrid -- University of New Mexico Press, Albuquerque, 2019 -- isbn13 9780826361073 -- b403bbddc7e7aa8eaa28543b752ec1d5 -- Anna’s Archive.pdf",override,"the Catálogo filename also contains ""Archivo General de la Nación""",.pdf,9780826361073,yes
padilla-my-history-not-yours-the-1993,"Padilla, Genaro M","My History, Not Yours: The Formation of Mexican American Autobiography",1993,,dissertation,II. Dissertation,Supplementary,,supplementary,yes,,"Padilla, Genaro M. My History, Not Yours: The Formation of Mexican American Autobiography. University of Wisconsin Press, 1993.",,,,,,
briggs-competence-in-performance-the-creativity-1988,"Briggs, Charles L",Competence in Performance: The Creativity of Tradition in Mexicano Verbal Art,1988,,dissertation,II. Dissertation,Supplementary,,supplementary,yes,,"Briggs, Charles L. Competence in Performance: The Creativity of Tradition in Mexicano Verbal Art. University of Pennsylvania Press, 1988.",,,,,,
rama-la-ciudad-letrada-1984,"Rama, Ángel",La ciudad letrada,1984,,dissertation,II. Dissertation,Supplementary,,supplementary,yes,,"Rama, Ángel. La ciudad letrada. Ediciones del Norte, 1984.",,,,,,
cobos-a-dictionary-of-new-mexico-2003,"Cobos, Rubén",A Dictionary of New Mexico and Southern Colorado Spanish,2003,,dissertation,II. Dissertation,Supplementary,,supplementary,yes,,"Cobos, Rubén. A Dictionary of New Mexico and Southern Colorado Spanish. 2.ª ed., Museum of New Mexico Press, 2003.","A dictionary of New Mexico and southern Colorado Spanish , A -- Cobos, Rubén, None -- Sante Fe, New Mexico, 1983 -- Sante Fe _ Museum of New Mexico -- isbn13 9780890131411 -- 11eddce03216b570e11b1bf07ec45b43 -- Anna’s Archive.pdf",matched (110),,.pdf,9780890131411,yes
gitelman-paper-knowledge-toward-a-media-2014,"Gitelman, Lisa",Paper Knowledge: Toward a Media History of Documents,2014,,dissertation,II. Dissertation,Supplementary,,supplementary,yes,,"Gitelman, Lisa. Paper Knowledge: Toward a Media History of Documents. Duke University Press, 2014.","Paper Knowledge_ Toward a Media History of Documents (Sign, -- Gitelman, Lisa -- Sign, storage, transmission, 1, 2014 -- Duke University Press Books -- isbn13 9780822356455 -- d3b83ae34ef733db0f9018a30da3a5b7 -- Anna’s Archive.pdf",matched (110),,.pdf,9780822356455,yes
burns-into-the-archive-writing-and-2010,"Burns, Kathryn",Into the Archive: Writing and Power in Colonial Peru,2010,,dissertation,II. Dissertation,Supplementary,,supplementary,yes,,"Burns, Kathryn. Into the Archive: Writing and Power in Colonial Peru. Duke University Press, 2010.",,,,,,
brady-scales-of-captivity-racial-capitalism-2022,"Brady, Mary Pat",Scales of Captivity: Racial Capitalism and the Latinx Child,2022,,dissertation,II. Dissertation,Supplementary,,supplementary,yes,,"Brady, Mary Pat. Scales of Captivity: Racial Capitalism and the Latinx Child. Duke University Press, 2022.","Scales of Captivity _ Racial Capitalism and the Latinx Child -- Mary Pat Brady, 1961- -- 1, 2022 -- Duke University Press Books -- isbn13 9781478015314 -- a07d9317681902713d385d9ab90ee641 -- Anna’s Archive.pdf",matched (110),,.pdf,9781478015314,yes
hawk-never-whistle-at-night-an-2023,"Hawk, Shane, y Theodore C",Never Whistle at Night: An Indigenous Dark Fiction Anthology,2023,,dissertation,II. Dissertation,Supplementary,,supplementary,yes,,"Hawk, Shane, y Theodore C. Van Alst Jr., editores. Never Whistle at Night: An Indigenous Dark Fiction Anthology. Vintage Books, 2023.",,,,,,
melendez-so-all-is-not-lost-1997,"Meléndez, A","So All Is Not Lost: The Poetics of Print in Nuevomexicano Communities, 1834–1958",1997,,dissertation,II. Dissertation,Supplementary,,supplementary,yes,,"Meléndez, A. Gabriel. So All Is Not Lost: The Poetics of Print in Nuevomexicano Communities, 1834–1958. University of New Mexico Press, 1997.","So All Is Not Lost_ The Poetics of Print in Nuevomexicano -- Meléndez, A_ Gabriel (Anthony Gabriel) -- University of New Mexico Press, Albuquerque, -- isbn13 9780585245560 -- ff6ad4b02d4ce02a5ebc833cf8a8dc27 -- Anna’s Archive.pdf",matched (110),,.pdf,9780585245560,yes
rabasa-without-history-subaltern-studies-the-2010,"Rabasa, José","Without History: Subaltern Studies, the Zapatista Insurgency, and the Limits of Historical Discourse",2010,,dissertation,II. Dissertation,Supplementary,,supplementary,yes,,"Rabasa, José. Without History: Subaltern Studies, the Zapatista Insurgency, and the Limits of Historical Discourse. University of Pittsburgh Press, 2010.",,,,,,
ortega-binding-media-hybrid-print-digital-2025,"Ortega, Élika",Binding Media: Hybrid Print-Digital Literature from across the Americas,2025,,dissertation,II. Dissertation,Supplementary,,supplementary,yes,,"Ortega, Élika. Binding Media: Hybrid Print-Digital Literature from across the Americas. Stanford University Press, 2025.",,,,,,
boj-lopez-indigenous-archives-the-maya-diaspora-2026,"Boj López, Floridalma",Indigenous Archives: The Maya Diaspora and Mobile Cultural Production,2026,,dissertation,II. Dissertation,Supplementary,,supplementary,yes,,"Boj López, Floridalma. Indigenous Archives: The Maya Diaspora and Mobile Cultural Production. Duke University Press, 2026.",,,,,,
fisher-the-weird-and-the-eerie-2017,"Fisher, Mark",The Weird and the Eerie,2017,,dissertation,II. Dissertation,Supplementary,,supplementary,yes,,"Fisher, Mark. The Weird and the Eerie. Repeater Books, 2017.","The Weird and the Eerie -- Mark Fisher -- Paperback, 2017 -- Repeater Books Distributed in the United States by Random -- isbn13 9781910924389 -- 7e7b6699f2c1463523b456373cea8d19 -- Anna’s Archive.pdf",matched (90),,.pdf,9781910924389,yes
schaeffer-unsettled-borders-the-militarized-scienc-2022,"Schaeffer, Felicity Amaya",Unsettled Borders: The Militarized Science of Surveillance on Sacred Indigenous Land,2022,,dissertation,II. Dissertation,Supplementary,,supplementary,yes,,"Schaeffer, Felicity Amaya. Unsettled Borders: The Militarized Science of Surveillance on Sacred Indigenous Land. Duke University Press, 2022.","Unsettled Borders_ The Militarized Science of Surveillance -- Felicity Amaya Schaeffer -- Dissident acts, Durham _, 2022 -- Duke University Press -- isbn13 9781478015321 -- 0dacdde193a7503eef1681394c3b4387 -- Anna’s Archive.pdf",matched (110),,.pdf,9781478015321,yes
fisher-ghosts-of-my-life-writings-2014,"Fisher, Mark","Ghosts of My Life: Writings on Depression, Hauntology and Lost Futures",2014,,dissertation,II. Dissertation,Supplementary,,supplementary,yes,,"Fisher, Mark. Ghosts of My Life: Writings on Depression, Hauntology and Lost Futures. Zero Books, 2014.","Ghosts of My Life_ Writings on Depression, Hauntology and -- Fisher, Mark -- 2017 -- John Hunt (NBN) -- 41c838e5e1ecc754350d78a48f47c651 -- Anna’s Archive.pdf",matched (110),,.pdf,,yes
spooner-contemporary-gothic-2006,"Spooner, Catherine",Contemporary Gothic,2006,,dissertation,II. Dissertation,Supplementary,,supplementary,yes,,"Spooner, Catherine. Contemporary Gothic. Reaktion Books, 2006.","Contemporary Gothic (Reaktion Books - Focus on Contemporary -- Catherine Spooner -- Foci, 2007 -- REAKTION BOOKS; Reaktion -- isbn13 9781861893017 -- e9943301d76cc6a5831db7666e52b484 -- Anna’s Archive.pdf",matched (90),,.pdf,9781861893017,yes
campra-territorios-de-la-ficcion-lo-2008,"Campra, Rosalba",Territorios de la ficción: lo fantástico,2008,,dissertation,II. Dissertation,Supplementary,,supplementary,yes,,"Campra, Rosalba. Territorios de la ficción: lo fantástico. Renacimiento, 2008.","Territorios de la ficción_ Lo fantástico (Iluminaciones) -- Rosalba Campra -- 1, 2008 -- Editorial Renacimiento -- isbn13 9788484723875 -- db0db48a9b1ee3cce67aa4bfeac1e7f0 -- Anna’s Archive.pdf",matched (110),,.pdf,9788484723875,yes
keetley-folk-gothic-2024,"Keetley, Dawn",Folk Gothic,2024,,dissertation,II. Dissertation,Supplementary,,supplementary,yes,,"Keetley, Dawn. Folk Gothic. Cambridge University Press, 2024.",,,,,,
padilla-the-daring-flight-of-my-2010,"Padilla, Genaro",The Daring Flight of My Pen: Cultural Politics and Gaspar Pérez de Villagrá's,2010,,dissertation,II. Dissertation,Supplementary,,supplementary,yes,1610,"Padilla, Genaro. The Daring Flight of My Pen: Cultural Politics and Gaspar Pérez de Villagrá's Historia de la Nueva México, 1610. University of New Mexico Press, 2010.",,,,,,
scovell-folk-horror-hours-dreadful-and-2017,"Scovell, Adam",Folk Horror: Hours Dreadful and Things Strange,2017,,dissertation,II. Dissertation,Supplementary,,supplementary,yes,,"Scovell, Adam. Folk Horror: Hours Dreadful and Things Strange. Auteur, 2017.",,,,,,
mendez-catalogo-de-textos-marginados-novohispan-1992,"Méndez, María Águeda, coordinadora","Catálogo de textos marginados novohispanos: Inquisición, siglos XVIII y XIX",1992,,dissertation,II. Dissertation,Supplementary,,supplementary,yes,,"Méndez, María Águeda, coordinadora. Catálogo de textos marginados novohispanos: Inquisición, siglos XVIII y XIX. Archivo General de la Nación / El Colegio de México / Universidad Nacional Autónoma de México, 1992.","Catálogo de textos marginados novohispanos _ Inquisición, -- Archivo General de la Nación (México); realizado por María -- 1_ ed_, México, D_F, -- 9789681206963 -- cacb6717b9cbc386bd096a9e824bb840 -- Anna’s Archive.pdf",matched (85),,.pdf,9789681206963,yes
mignolo-teoria-del-texto-e-interpretacion-1986,"Mignolo, Walter",Teoría del texto e interpretación de textos,1986,,dissertation,II. Dissertation,Supplementary,,supplementary,yes,,"Mignolo, Walter. Teoría del texto e interpretación de textos. Universidad Nacional Autónoma de México, 1986.","Teoría del texto e interpretación de textos -- Mignolo, Walter -- Cuadernos del Seminario de Poética ;, 8, 1a ed_, México, -- México _ Instituto de -- isbn13 9789688374580 -- d2a6a53168d22d911e182f10c19a13c2 -- Anna’s Archive.pdf",matched (110),,.pdf,9789688374580,yes
rodriguez-singing-for-my-echo-memories-1987,"Rodríguez, Gregorita","Singing for My Echo: Memories of Gregorita Rodríguez, a Native Healer of Santa Fe",1987,,dissertation,II. Dissertation,Supplementary,,supplementary,yes,,"Rodríguez, Gregorita. Singing for My Echo: Memories of Gregorita Rodríguez, a Native Healer of Santa Fe. Relato recogido por Edith Powers, Cota Editions / Ocean Tree, 1987.","Singing for my echo _ memories of Gregorita Rodriguez, a -- Rodriguez, Gregorita, 1901-, Powers, Edith -- 1st ed_, Santa Fe, N_M, New Mexico, 1987 -- isbn13 9780943734224 -- 1e62aa95e95632587f369d9db2a1e1b3 -- Anna’s Archive.pdf",matched (110),,.pdf,9780943734224,yes
fernandez-de-lizardi-el-periquillo-sarniento-1816,"Fernández de Lizardi, José Joaquín",El Periquillo Sarniento,1816,,teaching,III. Teaching,"A. Nation, Race, and Revolution in Mexican Literature",A,core,yes,,"Fernández de Lizardi, José Joaquín. El Periquillo Sarniento. 1816.","El Periquillo Sarniento -- Fernández de Lizardi, José Joaquín, 1776-1827, Spell, -- Colección _Sepan cuantos_ -- no_ 1, 9_ ed_, México, Mexico, -- oclc 1193402925 -- 80a994f602e564f61ebb4fca290f7a7d -- Anna’s Archive.pdf",matched (90),,.pdf,,yes
payno-los-bandidos-de-rio-frio-1891,"Payno, Manuel",Los bandidos de Río Frío,1891,,teaching,III. Teaching,"A. Nation, Race, and Revolution in Mexican Literature",A,core,yes,,"Payno, Manuel. Los bandidos de Río Frío. 1889–1891.","Los bandidos de Río frío -- Manuel Payno, Reyes Maldonado & Victor Hugo, Camacho, -- Colección Clásicos juveniles, Colección Clásicos juveniles, -- isbn13 9786074533927 -- fa7b7f3f7bbfe4b3da53cde4f9db10db -- Anna’s Archive.pdf",matched (110),,.pdf,9786074533927,yes
frias-tomochic-1893,"Frías, Heriberto",Tomóchic,1893,,teaching,III. Teaching,"A. Nation, Race, and Revolution in Mexican Literature",A,core,yes,,"Frías, Heriberto. Tomóchic. 1893.","Tomochic _ episodios de la campaña de Chihuahua, 1892 _ -- Frías, Heriberto, 1870-1925, Cuesy, Silvia L -- Intemporales, 1st ed, Mexico, D_F, ©2002 -- isbn13 9789706516329 -- 08c5c83a3be926ca0119a1505a0d81fb -- Anna’s Archive.pdf",matched (90),,.pdf,9789706516329,yes
azuela-los-de-abajo-1915,"Azuela, Mariano",Los de abajo,1915,,teaching,III. Teaching,"A. Nation, Race, and Revolution in Mexican Literature",A,core,yes,,"Azuela, Mariano. Los de abajo. 1915.","Los de abajo; novela de la Revolución Mexicana -- Azuela, Mariano, 1873-1952, Englekirk, John Eugene, 1905- -- Complete ed_, New York, New York State, -- isbn13 9780135406908 -- f148d1f68fe69e31b6e2bbaa5ae3f087 -- Anna’s Archive.pdf",matched (90),,.pdf,9780135406908,yes
vasconcelos-la-raza-cosmica-1925,"Vasconcelos, José",La raza cósmica,1925,,teaching,III. Teaching,"A. Nation, Race, and Revolution in Mexican Literature",A,core,yes,,"Vasconcelos, José. La raza cósmica. 1925.",La Raza Cósmica -- José Vasconcelos -- 1925 -- Editorial Porrúa -- isbn13 9789700771298 -- 9365da00e8f52218d54283704d364103 -- Anna’s Archive.pdf,matched (90),,.pdf,9789700771298,yes
campobello-cartucho-1931,"Campobello, Nellie",Cartucho,1931,,teaching,III. Teaching,"A. Nation, Race, and Revolution in Mexican Literature",A,core,yes,,"Campobello, Nellie. Cartucho. 1931.",Cartucho -- Nellie Campobello -- 1931 -- faccd0daa7c5c5834cf528f8ef04a1ab -- Anna’s Archive.pdf,matched (90),,.pdf,,yes
revueltas-el-luto-humano-1943,"Revueltas, José",El luto humano,1943,,teaching,III. Teaching,"A. Nation, Race, and Revolution in Mexican Literature",A,core,yes,,"Revueltas, José. El luto humano. 1943.",El luto humano -- José Revueltas -- 1943 -- ePubLibre -- 331c2a6d3e892671b86ac87736de7474 -- Anna’s Archive.pdf,matched (90),,.pdf,,yes
paz-el-laberinto-de-la-soledad-1950,"Paz, Octavio",El laberinto de la soledad,1950,,teaching,III. Teaching,"A. Nation, Race, and Revolution in Mexican Literature",A,core,yes,,"Paz, Octavio. El laberinto de la soledad. 1950.","El laberinto de la soledad, Postdata, Vuelta a El laberinto -- Octavio Paz -- Colección popular (Fondo de Cultura Económica (Mexico)), 5th -- Fondo de -- 9786071633606 -- 0d5ae97792960cf2654326f512e138f4 -- Anna’s Archive.pdf",matched (90),,.pdf,9786071633606,yes
fuentes-la-muerte-de-artemio-cruz-1962,"Fuentes, Carlos",La muerte de Artemio Cruz,1962,,teaching,III. Teaching,"A. Nation, Race, and Revolution in Mexican Literature",A,core,yes,,"Fuentes, Carlos. La muerte de Artemio Cruz. 1962.",la muerte de artemio cruz -- Unknown -- 1800 -- ba405fcdb6baf27ec07a7ca594284bc6 -- Anna’s Archive.pdf,matched (85),,.pdf,,yes
arce-cronicas-diabolicas-1916-1926-1982,"Arce, Julio G","Crónicas diabólicas, 1916–1926",1982,,teaching,III. Teaching,"B. Mexican American Print Culture, Folklore, and Chicano Cultural Nationalism",B,core,yes,,"Arce, Julio G. [Jorge Ulica]. Crónicas diabólicas, 1916–1926. Edición de Juan Rodríguez, Maize Press, 1982.","Crónicas diabólicas (1916-1926) de _Jorge Ulica_ -- Ulica, Jorge, 1870-1926; Rodríguez, Juan -- San Diego, Ca, California, 1982 -- San Diego, Ca _ -- isbn13 9780939558025 -- 261448014bd35e4b148eea3c0804d7da -- Anna’s Archive.pdf",override,,.pdf,9780939558025,yes
venegas-las-aventuras-de-don-chipote-1928,"Venegas, Daniel",Las aventuras de don Chipote o Cuando los pericos mamen,1928,,teaching,III. Teaching,"B. Mexican American Print Culture, Folklore, and Chicano Cultural Nationalism",B,core,yes,,"Venegas, Daniel. Las aventuras de don Chipote o Cuando los pericos mamen. 1928.","Las Aventuras de Don Chipote, O Cuando Los Pericos Mamen -- Venegas, Daniel -- Latino literature, Houston, TX, 1998 -- Houston, TX _ Arte Público -- isbn13 9781558852525 -- e68e312a077a46015609b79268ac670b -- Anna’s Archive.pdf",matched (110),,.pdf,9781558852525,yes
paredes-with-his-pistol-in-his-1958,"Paredes, Américo","""With His Pistol in His Hand"": A Border Ballad and Its Hero",1958,,teaching,III. Teaching,"B. Mexican American Print Culture, Folklore, and Chicano Cultural Nationalism",B,core,yes,,"Paredes, Américo. ""With His Pistol in His Hand"": A Border Ballad and Its Hero. University of Texas Press, 1958.","_With His Pistol in His Hand__ A Border Ballad and Its Hero -- Paredes, Américo, 1915-1999, author, James H_ Sutton Jr_ and -- Texas classics, Austin -- isbn13 9780292701281 -- 5f48891bbd05ccc100bd3c7911724f96 -- Anna’s Archive.pdf",override,,.pdf,9780292701281,yes
gonzales-yo-soy-joaquin-1967,"Gonzales, Rodolfo ""Corky",Yo soy Joaquín,1967,,teaching,III. Teaching,"B. Mexican American Print Culture, Folklore, and Chicano Cultural Nationalism",B,core,yes,,"Gonzales, Rodolfo ""Corky."" Yo soy Joaquín. 1967.","I am Joaquín_ Yo soy Joaquín; an epic poem_ With a -- Gonzales, Rodolfo, 1928-2005 -- 1975 -- Toronto, New York [Bantam Books] -- oclc 1035614296 -- c09e22ebec6d6f6b06053c04fa9671c7 -- Anna’s Archive.pdf",override,bilingual edition,.pdf,,yes
rivera-y-no-se-lo-trago-1996,"Rivera, Tomás",…y no se lo tragó la tierra / …And the Earth Did Not Devour Him,1996,,teaching,III. Teaching,"B. Mexican American Print Culture, Folklore, and Chicano Cultural Nationalism",B,core,yes,,"Rivera, Tomás. …y no se lo tragó la tierra / …And the Earth Did Not Devour Him. 1971. Traducción de Evangelina Vigil-Piñón, Arte Público Press, 1996.",y no se lo tragó la tierra _ And the Earth Did Not Devour -- Tomás Rivera -- 2015 -- Arte Público Press -- b1ab62190fbbab8309e504c60cd1cccd -- Anna’s Archive.pdf,override,,.pdf,,yes
la-chrisx-la-loca-de-la-raza-1978,La Chrisx,La loca de la raza cósmica,1978,,teaching,III. Teaching,"B. Mexican American Print Culture, Folklore, and Chicano Cultural Nationalism",B,core,yes,,"La Chrisx. ""La loca de la raza cósmica."" 1978.",,,,,,
corpi-palabras-de-mediodia-noon-words-1980,"Corpi, Lucha",Palabras de mediodía / Noon Words,1980,,teaching,III. Teaching,"C. Chicana Feminisms, Embodiment, and Cultural Memory",C,core,yes,,"Corpi, Lucha. Palabras de mediodía / Noon Words. Traducción de Catherine Rodríguez-Nieto, El Fuego de Aztlán Publications, 1980.","Palabras de mediodía = Noon words -- Corpi, Lucha, 1945-, Rodríguez-Nieto, Catherine, 1937- -- Pioneers of modern U_S_ Hispanic literature, Houston, -- isbn13 9781558853225 -- 41061352e3548f6df070d2ab8acb0c83 -- Anna’s Archive.pdf",override,,.pdf,9781558853225,yes
viramontes-the-moths-and-other-stories-1985,"Viramontes, Helena María",The Moths and Other Stories,1985,,teaching,III. Teaching,"C. Chicana Feminisms, Embodiment, and Cultural Memory",C,core,yes,,"Viramontes, Helena María. The Moths and Other Stories. Arte Público Press, 1985.","The  moths and other stories -- Viramontes, Helena María, 1954- -- 2nd ed_, Houston, Tex, Texas, 1995 -- Houston, Tex_ _ Arte Público Press -- isbn13 9781558851382 -- 5ac4743ab2b1302809519572ec75b067 -- Anna’s Archive.pdf",matched (90),,.pdf,9781558851382,yes
chavez-loving-pedro-infante-2001,"Chávez, Denise",Loving Pedro Infante,2001,,teaching,III. Teaching,"C. Chicana Feminisms, Embodiment, and Cultural Memory",C,core,yes,,"Chávez, Denise. Loving Pedro Infante. Farrar, Straus and Giroux, 2001.","Por el amor de Pedro Infante _ Loving Pedro Infante -- Chávez, Denise, Aguilar Melantzón, Ricardo; Pollack, Beth, -- 1a ed_ en Español de Vintage, -- isbn13 9780307774026 -- 9b3dc691194256c654174ed9f3458537 -- Anna’s Archive.pdf",matched (110),,.pdf,9780307774026,yes
fajardo-anstine-sabrina-corina-stories-2019,"Fajardo-Anstine, Kali",Sabrina & Corina: Stories,2019,,teaching,III. Teaching,"C. Chicana Feminisms, Embodiment, and Cultural Memory",C,core,yes,,"Fajardo-Anstine, Kali. Sabrina & Corina: Stories. One World, 2019.",Sabrina & Corina -- Kali Fajardo-Anstine -- a6d4ba194b36050f7f61490d235a0aa4 -- Anna’s Archive.pdf,matched (90),,.pdf,,yes
jimenez-cajas-de-carton-2002,"Jiménez, Francisco",Cajas de cartón,2002,,teaching,III. Teaching,"D. Migration, Borders, and Cultural Translation",D,core,yes,Senderos fronterizos,"Jiménez, Francisco. Cajas de cartón. 1999. Senderos fronterizos. 2002.","Cajas de cartón _ relatos de la vida peregrina de un niño -- Jiménez, Francisco, 1943- -- HarperCollins, Boston, 2000 -- Boston _ Houghton Mifflin -- isbn13 9780395955819 -- 47ef29931b5999d0c34c6b588b940b24 -- Anna’s Archive.pdf",matched (70),,.pdf,9780395955819,yes
alarcon-from-the-other-side-of-2002,"Alarcón, Francisco X",From the Other Side of Night / Del otro lado de la noche: New and Selected Poems,2002,,teaching,III. Teaching,"D. Migration, Borders, and Cultural Translation",D,core,yes,,"Alarcón, Francisco X. From the Other Side of Night / Del otro lado de la noche: New and Selected Poems. University of Arizona Press, 2002.","From the Other Side of Night_Del otro lado de la noche_ New -- ALARCON, FRANCISCO X_,  xzo -- Camino Del Sol_ a Latina and Latino Literary Series, -- isbn13 9780816521807 -- 78c40e3ae51e5a937592dccb5eeeb517 -- Anna’s Archive.pdf",matched (110),,.pdf,9780816521807,yes
grande-a-traves-de-cien-montanas-2007,"Grande, Reyna",A través de cien montañas,2007,,teaching,III. Teaching,"D. Migration, Borders, and Cultural Translation",D,core,yes,,"Grande, Reyna. A través de cien montañas. 2007.","A Través de Cien Montañas (Across a Hundred Mountains)_ -- Reyna Grande -- Simon & Schuster, [N_p_], 2009 -- Simon and Schuster -- isbn13 9781416544746 -- edafc7b2041fb7c34628cb583d69d296 -- Anna’s Archive.epub",matched (110),,.epub,9781416544746,no
rulfo-el-llano-en-llamas-1955,"Rulfo, Juan",El llano en llamas,1955,,teaching,III. Teaching,"E. Haunting, Death, and Fantastic Narrative",E,core,yes,Pedro Páramo,"Rulfo, Juan. El llano en llamas. 1953. Pedro Páramo. 1955.","Pedro Páramo ; y El llano en llamas -- Juan Rulfo; Fundacion Juan Rulfo (Mexico, D_F_) -- Booket, 1a_ ed_ en esta presentación en Colección booket, -- isbn13 9788408041795 -- efa1ce16c29ea4009df1fab95030aab3 -- Anna’s Archive.pdf",matched (90),,.pdf,9788408041795,yes
anaya-bless-me-ultima-1972,"Anaya, Rudolfo","Bless Me, Ultima",1972,,teaching,III. Teaching,"E. Haunting, Death, and Fantastic Narrative",E,core,yes,,"Anaya, Rudolfo. Bless Me, Ultima. 1972.","Bless me, Ultima -- Rudolfo Anaya, Rudolfo A_ Anaya -- Warner Books ed_, New York, New York State, 1999 -- New York _ Warner Books -- isbn13 9780446517836 -- 5aff759fb98b4cbe4cb6878922e23830 -- Anna’s Archive.pdf",matched (90),,.pdf,9780446517836,yes
arias-el-camino-a-tamazunchale-2002,"Arias, Ron",El camino a Tamazunchale,2002,,teaching,III. Teaching,"E. Haunting, Death, and Fantastic Narrative",E,core,yes,,"Arias, Ron. El camino a Tamazunchale. Traducción de Beth Pollack y Ricardo Aguilar Melantzón, Bilingual Press / Editorial Bilingüe, 2002.","El camino a Tamazunchale -- Arias, Ron, 1941- -- Tempe, Ariz, Arizona, 2002 -- Tempe, Ariz_ _ Bilingual Press_Editorial Bilingüe -- isbn13 9781931010061 -- 6f9e283a001461002472741a1ea9515c -- Anna’s Archive.pdf",matched (90),,.pdf,9781931010061,yes
valdemar-garcia-la-casa-del-brujo-the-1984,"Valdemar García, Itz-Ollin",La casa del brujo / The Sorcerer's House,1984,,teaching,III. Teaching,"E. Haunting, Death, and Fantastic Narrative",E,core,yes,,"Valdemar García, Itz-Ollin. La casa del brujo / The Sorcerer's House. Muchos Charcos Books, 1984.",,,,,,
anzaldua-prietita-and-the-ghost-woman-1995,"Anzaldúa, Gloria",Prietita and the Ghost Woman,1995,,teaching,III. Teaching,"E. Haunting, Death, and Fantastic Narrative",E,core,yes,,"Anzaldúa, Gloria. Prietita and the Ghost Woman. Ilustraciones de Maya Christina Gonzalez, Children's Book Press, 1995.","Prie tita and the ghost woman =_ Prietita y la llorona -- Anzaldúa, Gloria, Gonzalez, Maya Christina, ill -- San Francisco, Calif, United States, 1995 -- isbn13 9780329241834 -- e9a19406810dbd3395e55c660f22d922 -- Anna’s Archive.pdf",matched (90),,.pdf,9780329241834,yes
mendez-los-muertos-tambien-cuentan-1995,"Méndez, Miguel",Los muertos también cuentan,1995,,teaching,III. Teaching,"E. Haunting, Death, and Fantastic Narrative",E,core,yes,,"Méndez, Miguel. Los muertos también cuentan. 1995.",,,,,,
herrera-la-transmigracion-de-los-cuerpos-2013,"Herrera, Yuri",La transmigración de los cuerpos,2013,,teaching,III. Teaching,"E. Haunting, Death, and Fantastic Narrative",E,core,yes,,"Herrera, Yuri. La transmigración de los cuerpos. Periférica, 2013.","La transmigración de los cuerpos (Largo recorrido) (Spanish -- Herrera, Yuri, 1970- -- Largo recorrido (Cáceres, Spain), Primera edición, -- Cáceres -- isbn13 9788418264467 -- d268337b2fc6ce7756e1bbdb050e2a73 -- Anna’s Archive.pdf",matched (90),,.pdf,9788418264467,yes
rivera-garza-los-muertos-indociles-necroescrituras-y-2013,"Rivera Garza, Cristina",Los muertos indóciles: necroescrituras y desapropiación,2013,,teaching,III. Teaching,"E. Haunting, Death, and Fantastic Narrative",E,core,yes,,"Rivera Garza, Cristina. Los muertos indóciles: necroescrituras y desapropiación. Tusquets Editores, 2013.","Los muertos indóciles _ Necroescrituras y desapropiación -- Cristina Rivera Garza -- Penguin Random House Grupo Editorial, S_A_U_, [Barcelona], -- isbn13 9786073180993 -- 4c488cb84fa9a3f3b5aed4c436be4767 -- Anna’s Archive.pdf",matched (110),,.pdf,9786073180993,yes
fragoza-eat-the-mouth-that-feeds-2021,"Fragoza, Carribean",Eat the Mouth That Feeds You,2021,,teaching,III. Teaching,"E. Haunting, Death, and Fantastic Narrative",E,core,yes,,"Fragoza, Carribean. Eat the Mouth That Feeds You. City Lights Publishers, 2021.","Carribean Fragoza, Eat the Mouth that Feeds You.pdf",matched (110),,.pdf,,yes
davila-cuentos-reunidos,"Dávila, Amparo",Cuentos reunidos,,,teaching,III. Teaching,"E. Haunting, Death, and Fantastic Narrative",E,core,yes,,"Dávila, Amparo. Cuentos reunidos",Cuentos reunidos -- Amparo Dávila -- 2009 -- ePubLibre -- f0673164ad96b21f3ad4f884f491eb10 -- Anna’s Archive.pdf,matched (90),,.pdf,,yes
sanchez-prado-teaching-the-mexican-revolution-2026,"Sánchez Prado, Ignacio M",Teaching the Mexican Revolution,2026,,teaching,III. Teaching,G. Teaching Practice and Pedagogy,G,core,yes,,"Sánchez Prado, Ignacio M., editor. Teaching the Mexican Revolution. Modern Language Association of America, 2026.",,,,,,
luiselli-los-ninos-perdidos-un-ensayo-2016,"Luiselli, Valeria",Los niños perdidos: un ensayo en cuarenta preguntas,2016,,teaching,III. Teaching,Supplementary,,supplementary,yes,,"Luiselli, Valeria. Los niños perdidos: un ensayo en cuarenta preguntas. Sexto Piso, 2016.",Los niños perdidos_ un ensayo en cuarenta preguntas -- Valeria Luiselli -- 2015 -- ePubLibre -- 7d2b7f43a63a8be58f23aa7be450beba -- Anna’s Archive.pdf,matched (110),,.pdf,,yes
castillo-the-guardians-2007,"Castillo, Ana",The Guardians,2007,,teaching,III. Teaching,Supplementary,,supplementary,yes,,"Castillo, Ana. The Guardians. Random House, 2007.","The Guardians _ a novel -- Ana Castillo -- Random House Trade Paperback ed_, New York, 2008 -- Random House Trade Paperbacks -- isbn13 9780812975710 -- bac9726cc671a60361b2d3e025ee64c1 -- Anna’s Archive.pdf",matched (90),,.pdf,9780812975710,yes
gomez-pena-bitacora-del-cruce-2006,"Gómez-Peña, Guillermo",Bitácora del cruce,2006,,teaching,III. Teaching,Supplementary,,supplementary,yes,,"Gómez-Peña, Guillermo. Bitácora del cruce. 2006.",,,,,,
diaz-postcolonial-love-poem-2020,"Díaz, Natalie",Postcolonial Love Poem,2020,,teaching,III. Teaching,Supplementary,,supplementary,yes,,"Díaz, Natalie. Postcolonial Love Poem. Graywolf Press, 2020.","Postcolonial Love Poem -- Natalie Diaz & Natalie Diaz -- Main, London, 2020 -- Faber & Faber, Limited -- isbn13 9780571359875 -- f5c4a61f382581e934a55f73686bba4c -- Anna’s Archive.pdf",matched (110),,.pdf,9780571359875,yes
pineda-nostalgia-doesn-t-flow-away-2024,"Pineda, Irma",Nostalgia Doesn't Flow Away Like Riverwater / Xilase qui rié di' sicasi rié nisa guiigu' / La nostalgia no se marcha como el agua de los ríos,2024,,teaching,III. Teaching,Supplementary,,supplementary,yes,,"Pineda, Irma. Nostalgia Doesn't Flow Away Like Riverwater / Xilase qui rié di' sicasi rié nisa guiigu' / La nostalgia no se marcha como el agua de los ríos. Traducción al inglés de Wendy Call, Phoneme Media / Deep Vellum, 2024.","Irma Pineda, Nostalgia Doesn’t Flow Away Like Riverwater.pdf",matched (110),,.pdf,,yes
martinez-teaching-late-twentieth-century-mexicana-2020,"Martínez, Elizabeth Coonrod, editora",Teaching Late-Twentieth-Century Mexicana and Chicana Writers,2020,,teaching,III. Teaching,Supplementary,,supplementary,yes,,"Martínez, Elizabeth Coonrod, editora. Teaching Late-Twentieth-Century Mexicana and Chicana Writers. Modern Language Association of America, 2020.",,,,,,
moraga-a-xicana-codex-of-changing-2011,"Moraga, Cherríe","A Xicana Codex of Changing Consciousness: Writings, 2000–2010",2011,,teaching,III. Teaching,Supplementary,,supplementary,yes,,"Moraga, Cherríe. A Xicana Codex of Changing Consciousness: Writings, 2000–2010. Duke University Press, 2011.","A Xicana Codex of Changing Consciousness _ Writings, -- Cherríe L_ Moraga, Cherríe Moraga,Celia Herrera Rodriguez -- Duke University Press, Durham, -- isbn13 9780822349624 -- 51182897918bf5a870e64e462489b808 -- Anna’s Archive.pdf",matched (110),,.pdf,9780822349624,yes
cisneros-woman-hollering-creek-and-other-1991,"Cisneros, Sandra",Woman Hollering Creek and Other Stories,1991,,teaching,III. Teaching,Supplementary,,supplementary,yes,,"Cisneros, Sandra. Woman Hollering Creek and Other Stories. Random House, 1991.","Woman Hollering Creek _ And Other Stories -- Sandra Cisneros -- Penguin Random House LLC, New York, 1992 -- New York_ Vintage Books -- isbn13 9780394576541 -- f4d90b3a619bdedc3b9f19e60013b26f -- Anna’s Archive.pdf",matched (110),,.pdf,9780394576541,yes
melendez-ciudadanos-por-tratado-textos-de-2025,"Meléndez, A","Ciudadanos por tratado: textos de los nuevomexicanos, 1846–1925",2025,,teaching,III. Teaching,Supplementary,,supplementary,yes,,"Meléndez, A. Gabriel, editor. Ciudadanos por tratado: textos de los nuevomexicanos, 1846–1925. Modern Language Association of America, 2025.",,,,,,
mohamed-ihab-bebars-voces-femeninas-en-el-cuento-2012,"Mohamed Ihab Bebars, Nehad","Voces femeninas en el cuento mexicano de la generación de medio siglo: la obra cuentística de Guadalupe Dueñas, Amparo Dávila e Inés Arredondo",2012,,teaching,III. Teaching,Supplementary,,supplementary,yes,,"Mohamed Ihab Bebars, Nehad. Voces femeninas en el cuento mexicano de la generación de medio siglo: la obra cuentística de Guadalupe Dueñas, Amparo Dávila e Inés Arredondo, 2012.",,,,,,
alberro-inquisicion-y-sociedad-en-mexico-1988,"Alberro, Solange","Inquisición y sociedad en México, 1571–1700",1988,,working-bibliography,Working bibliography,,,core,no,,"Alberro, Solange. Inquisición y sociedad en México, 1571–1700. Fondo de Cultura Económica, 1988.",,,,,,
aguilar-gil-aa-manifiestos-sobre-la-diversidad-2020,"Aguilar Gil, Yásnaya Elena",Ää: manifiestos sobre la diversidad lingüística,2020,,working-bibliography,Working bibliography,,,core,no,,"Aguilar Gil, Yásnaya Elena. Ää: manifiestos sobre la diversidad lingüística. Almadía, 2020.",,,,,,
beverley-testimonio-on-the-politics-of-2004,"Beverley, John",Testimonio: On the Politics of Truth,2004,,working-bibliography,Working bibliography,,,core,no,,"Beverley, John. Testimonio: On the Politics of Truth. University of Minnesota Press, 2004.",,,,,,
brooks-captives-and-cousins-slavery-kinship-2002,"Brooks, James F","Captives and Cousins: Slavery, Kinship, and Community in the Southwest Borderlands",2002,,working-bibliography,Working bibliography,,,core,no,,"Brooks, James F. Captives and Cousins: Slavery, Kinship, and Community in the Southwest Borderlands. University of North Carolina Press, 2002.",,,,,,
ebright-land-grants-and-lawsuits-in-1994,"Ebright, Malcolm",Land Grants and Lawsuits in Northern New Mexico,1994,,working-bibliography,Working bibliography,,,core,no,,"Ebright, Malcolm. Land Grants and Lawsuits in Northern New Mexico. University of New Mexico Press, 1994.",,,,,,
gutierrez-when-jesus-came-the-corn-1991,"Gutiérrez, Ramón A","When Jesus Came, the Corn Mothers Went Away: Marriage, Sexuality, and Power in New Mexico, 1500–1846",1991,,working-bibliography,Working bibliography,,,core,no,,"Gutiérrez, Ramón A. When Jesus Came, the Corn Mothers Went Away: Marriage, Sexuality, and Power in New Mexico, 1500–1846. Stanford University Press, 1991.",,,,,,
hendrickson-border-medicine-a-transcultural-history-2014,"Hendrickson, Brett",Border Medicine: A Transcultural History of Mexican American Curanderismo,2014,,working-bibliography,Working bibliography,,,core,no,,"Hendrickson, Brett. Border Medicine: A Transcultural History of Mexican American Curanderismo. New York University Press, 2014.",,,,,,
hirsch-the-generation-of-postmemory-writing-2012,"Hirsch, Marianne",The Generation of Postmemory: Writing and Visual Culture after the Holocaust,2012,,working-bibliography,Working bibliography,,,core,no,,"Hirsch, Marianne. The Generation of Postmemory: Writing and Visual Culture after the Holocaust. Columbia University Press, 2012.",,,,,,
jones-the-only-good-indians-2020,"Jones, Stephen Graham",The Only Good Indians,2020,,working-bibliography,Working bibliography,,,core,no,,"Jones, Stephen Graham. The Only Good Indians. Saga Press, 2020.",,,,,,
justice-why-indigenous-literatures-matter-2018,"Justice, Daniel Heath",Why Indigenous Literatures Matter,2018,,working-bibliography,Working bibliography,,,core,no,,"Justice, Daniel Heath. Why Indigenous Literatures Matter. Wilfrid Laurier University Press, 2018.",,,,,,
melchor-temporada-de-huracanes-2017,"Melchor, Fernanda",Temporada de huracanes,2017,,working-bibliography,Working bibliography,,,core,no,,"Melchor, Fernanda. Temporada de huracanes. Literatura Random House, 2017.",,,,,,
melendez-hidden-chicano-cinema-film-dramas-2013,"Meléndez, A",Hidden Chicano Cinema: Film Dramas in the Borderlands,2013,,working-bibliography,Working bibliography,,,core,no,,"Meléndez, A. Gabriel. Hidden Chicano Cinema: Film Dramas in the Borderlands. Rutgers University Press, 2013.","Hidden Chicano Cinema _ Film Dramas in the Borderlands -- A_ Gabriel Melendez, A_ Gabriel Meléndez -- Rutgers University Press, New Brunswick, New -- isbn13 9780813561066 -- 87f2a14148715966687f88fe1ba63929 -- Anna’s Archive.pdf",matched (110),,.pdf,9780813561066,yes
meyer-speaking-for-themselves-neomexicano-cult-1996,"Meyer, Doris","Speaking for Themselves: Neomexicano Cultural Identity and the Spanish-Language Press, 1880–1920",1996,,working-bibliography,Working bibliography,,,core,no,,"Meyer, Doris. Speaking for Themselves: Neomexicano Cultural Identity and the Spanish-Language Press, 1880–1920. University of New Mexico Press, 1996.",,,,,,
nieto-phillips-the-language-of-blood-the-2004,"Nieto-Phillips, John M","The Language of Blood: The Making of Spanish-American Identity in New Mexico, 1880s–1930s",2004,,working-bibliography,Working bibliography,,,core,no,,"Nieto-Phillips, John M. The Language of Blood: The Making of Spanish-American Identity in New Mexico, 1880s–1930s. University of New Mexico Press, 2004.",,,,,,
rappaport-beyond-the-lettered-city-indigenous-2012,"Rappaport, Joanne, y Tom Cummins",Beyond the Lettered City: Indigenous Literacies in the Andes,2012,,working-bibliography,Working bibliography,,,core,no,,"Rappaport, Joanne, y Tom Cummins. Beyond the Lettered City: Indigenous Literacies in the Andes. Duke University Press, 2012.",,,,,,
sklodowska-testimonio-hispanoamericano-historia-teo-1992,"Sklodowska, Elzbieta","Testimonio hispanoamericano: historia, teoría, poética",1992,,working-bibliography,Working bibliography,,,core,no,,"Sklodowska, Elzbieta. Testimonio hispanoamericano: historia, teoría, poética. Peter Lang, 1992.",,,,,,
weigle-brothers-of-light-brothers-of-1976,"Weigle, Marta","Brothers of Light, Brothers of Blood: The Penitentes of the Southwest",1976,,working-bibliography,Working bibliography,,,core,no,,"Weigle, Marta. Brothers of Light, Brothers of Blood: The Penitentes of the Southwest. University of New Mexico Press, 1976.",,,,,,
counter-mapping-https--counter-mapping,Counter Mapping: https://emergencemagazine,Counter Mapping,,,working-bibliography,Working bibliography,,,core,no,,Counter Mapping: https://emergencemagazine.org/feature/counter-mapping/,,,,,,
sagas-latino-colorado,"Sagás, Ernesto",Latino Colorado,,,working-bibliography,Working bibliography,,,core,no,,"Sagás, Ernesto. Latino Colorado",,,,,,
akerman-de-l-autre-cote-2002,"Akerman, Chantal, directora",De l'autre côté,2002,,filmography,Working filmography,,,core,no,,"Akerman, Chantal, directora. De l'autre côté. 2002.",,,,,,
almada-el-velador-2011,"Almada, Natalia, directora",El velador,2011,,filmography,Working filmography,,,core,no,,"Almada, Natalia, directora. El velador. 2011.",,,,,,
arteaga-el-guardian-de-la-memoria-2019,"Arteaga, Marcela, directora",El guardián de la memoria,2019,,filmography,Working filmography,,,core,no,,"Arteaga, Marcela, directora. El guardián de la memoria. 2019.",,,,,,
esteinou-muki-sopalirili-aligue-gawichi-nirugame-2023,"Esteinou, Santiago, Javier Campos López y Axel Pedraza, directores",Mukí Sopalírili Aligué Gawichí Nirúgame / The Woman of Stars and Mountains,2023,,filmography,Working filmography,,,core,no,,"Esteinou, Santiago, Javier Campos López y Axel Pedraza, directores. Mukí Sopalírili Aligué Gawichí Nirúgame / The Woman of Stars and Mountains. 2023.",,,,,,
huezo-tempestad-2016,"Huezo, Tatiana, directora",Tempestad,2016,,filmography,Working filmography,,,core,no,,"Huezo, Tatiana, directora. Tempestad. 2016.",,,,,,
portillo-senorita-extraviada-2001,"Portillo, Lourdes, directora",Señorita extraviada,2001,,filmography,Working filmography,,,core,no,,"Portillo, Lourdes, directora. Señorita extraviada. 2001.",,,,,,
reggio-visitors-2013,"Reggio, Godfrey, director",Visitors,2013,,filmography,Working filmography,,,core,no,,"Reggio, Godfrey, director. Visitors. 2013.",,,,,,
rivera-sleep-dealer-2008,"Rivera, Alex, director",Sleep Dealer,2008,,filmography,Working filmography,,,core,no,,"Rivera, Alex, director. Sleep Dealer. 2008.",,,,,,
ruiz-kingdom-of-shadows-2015,"Ruiz, Bernardo, director",Kingdom of Shadows,2015,,filmography,Working filmography,,,core,no,,"Ruiz, Bernardo, director. Kingdom of Shadows. 2015.",,,,,,
rulfo-los-que-se-quedan-2008,"Rulfo, Juan Carlos, y Carlos Hagerman, directores",Los que se quedan,2008,,filmography,Working filmography,,,core,no,,"Rulfo, Juan Carlos, y Carlos Hagerman, directores. Los que se quedan. 2008.",,,,,,
lopez-vuelven,"López, Issa",Vuelven,,,filmography,Working filmography,,,core,no,,"López, Issa. Vuelven",,,,,,
lyon-llanito-1971,"Lyon, Danny",Llanito,1971,,filmography,Working filmography,,,core,no,,"Lyon, Danny. Llanito. 1971",,,,,,
