status,list,section,supplementary,ordinal,printed_ordinal,author,title,year,work_id,score,entry
matched,"I. THEORY: NARRATIVE, COLONIALITY, AND CULTURAL MEMORY","A. Narrative Theory, Poetics, and Psychoanalysis",False,1,1,Aristóteles,Poética,1974,aristoteles-poetica-1974,1.0,"Aristóteles. Poética. Edición trilingüe de Valentín García Yebra, Gredos, 1974."
matched,"I. THEORY: NARRATIVE, COLONIALITY, AND CULTURAL MEMORY","A. Narrative Theory, Poetics, and Psychoanalysis",False,2,2,"Freud, Sigmund",“Lo ominoso.” 1919,1978,freud-el-malestar-en-la-cultura-1978,0.95,"Freud, Sigmund. “Lo ominoso.” 1919. El malestar en la cultura. 1930. Obras completas, traducción de José Luis Etcheverry, Amorrortu, 1978–79, vols. 17 y 21."
matched,"I. THEORY: NARRATIVE, COLONIALITY, AND CULTURAL MEMORY","A. Narrative Theory, Poetics, and Psychoanalysis",False,3,3,"Lacan, Jacques","“El seminario sobre ‘La carta robada.’” Escritos 1, traducción de Tomás Segovia, Siglo XXI Editores, 1971",2012,lacan-escritos-1-2012,1.0,"Lacan, Jacques. “El seminario sobre ‘La carta robada.’” Escritos 1, traducción de Tomás Segovia, Siglo XXI Editores, 1971. “Lituratierra.” Otros escritos, traducción de Graciela Esperanza et al., Paidós, 2012."
matched,"I. THEORY: NARRATIVE, COLONIALITY, AND CULTURAL MEMORY","A. Narrative Theory, Poetics, and Psychoanalysis",False,4,4,"Lienhard, Martín",La voz y su huella: escritura y conflicto étnico-social en América Latina (1492–1988),1990,lienhard-la-voz-y-su-huella-1990,1.0,"Lienhard, Martín. La voz y su huella: escritura y conflicto étnico-social en América Latina (1492–1988). Casa de las Américas, 1990."
matched,"I. THEORY: NARRATIVE, COLONIALITY, AND CULTURAL MEMORY","A. Narrative Theory, Poetics, and Psychoanalysis",False,5,5,"Pimentel, Luz Aurora",El relato en perspectiva: estudio de teoría narrativa,1998,pimentel-el-relato-en-perspectiva-estudio-1998,1.0,"Pimentel, Luz Aurora. El relato en perspectiva: estudio de teoría narrativa. Universidad Nacional Autónoma de México / Siglo XXI Editores, 1998."
matched,"I. THEORY: NARRATIVE, COLONIALITY, AND CULTURAL MEMORY","A. Narrative Theory, Poetics, and Psychoanalysis",False,6,6,"Rama, Ángel",Transculturación narrativa en América Latina,1982,rama-transculturacion-narrativa-en-america-la-1982,1.0,"Rama, Ángel. Transculturación narrativa en América Latina. Siglo XXI Editores, 1982."
matched,"I. THEORY: NARRATIVE, COLONIALITY, AND CULTURAL MEMORY","A. Narrative Theory, Poetics, and Psychoanalysis",False,7,7,"Viego, Antonio",Dead Subjects: Toward a Politics of Loss in Latino Studies,2007,viego-dead-subjects-toward-2007,1.0,"Viego, Antonio. Dead Subjects: Toward a Politics of Loss in Latino Studies. Duke University Press, 2007."
matched,"I. THEORY: NARRATIVE, COLONIALITY, AND CULTURAL MEMORY","B. Haunting, Archives, and Embodied Memory",False,1,8,"Derrida, Jacques",Mal de archivo: una impresión freudiana,1997,derrida-mal-de-archivo-una-impresion-1997,1.0,"Derrida, Jacques. Mal de archivo: una impresión freudiana. Traducción de Paco Vidarte, Trotta, 1997."
matched,"I. THEORY: NARRATIVE, COLONIALITY, AND CULTURAL MEMORY","B. Haunting, Archives, and Embodied Memory",False,2,9,"Gordon, Avery F",Ghostly Matters: Haunting and the Sociological Imagination,1997,gordon-ghostly-matters-haunting-and-the-1997,1.0,"Gordon, Avery F. Ghostly Matters: Haunting and the Sociological Imagination. University of Minnesota Press, 1997."
matched,"I. THEORY: NARRATIVE, COLONIALITY, AND CULTURAL MEMORY","B. Haunting, Archives, and Embodied Memory",False,3,10,"Molloy, Sylvia",Acto de presencia: la escritura autobiográfica en Hispanoamérica,1996,molloy-acto-de-presencia-la-escritura-1996,1.0,"Molloy, Sylvia. Acto de presencia: la escritura autobiográfica en Hispanoamérica. Traducción de José Esteban Calderón, El Colegio de México / Fondo de Cultura Económica, 1996."
matched,"I. THEORY: NARRATIVE, COLONIALITY, AND CULTURAL MEMORY","B. Haunting, Archives, and Embodied Memory",False,4,11,"Stoler, Ann Laura",Along the Archival Grain: Epistemic Anxieties and Colonial Common Sense,2009,stoler-along-the-archival-grain-epistemic-2009,1.0,"Stoler, Ann Laura. Along the Archival Grain: Epistemic Anxieties and Colonial Common Sense. Princeton University Press, 2009."
matched,"I. THEORY: NARRATIVE, COLONIALITY, AND CULTURAL MEMORY","B. Haunting, Archives, and Embodied Memory",False,5,12,"Taylor, Diana",The Archive and the Repertoire: Performing Cultural Memory in the Americas,2003,taylor-the-archive-and-the-repertoire-2003,1.0,"Taylor, Diana. The Archive and the Repertoire: Performing Cultural Memory in the Americas. Duke University Press, 2003."
matched,"I. THEORY: NARRATIVE, COLONIALITY, AND CULTURAL MEMORY","C. Coloniality, Possession, and Racial Geographies",False,1,13,"Adorno, Rolena",The Polemics of Possession in Spanish American Narrative,2007,adorno-the-polemics-of-possession-in-2007,1.0,"Adorno, Rolena. The Polemics of Possession in Spanish American Narrative. Yale University Press, 2007."
matched,"I. THEORY: NARRATIVE, COLONIALITY, AND CULTURAL MEMORY","C. Coloniality, Possession, and Racial Geographies",False,2,14,"Gerhard, Peter",La frontera norte de la Nueva España,1996,gerhard-la-frontera-norte-de-la-1996,1.0,"Gerhard, Peter. La frontera norte de la Nueva España. Traducción de Patricia Escandón Bolaños, mapas de Bruce Campbell, Universidad Nacional Autónoma de México, 1996."
matched,"I. THEORY: NARRATIVE, COLONIALITY, AND CULTURAL MEMORY","C. Coloniality, Possession, and Racial Geographies",False,3,15,"Gómez-Barris, Macarena",The Extractive Zone: Social Ecologies and Decolonial Perspectives,2017,gomez-barris-the-extractive-zone-social-ecologies-2017,1.0,"Gómez-Barris, Macarena. The Extractive Zone: Social Ecologies and Decolonial Perspectives. Duke University Press, 2017."
matched,"I. THEORY: NARRATIVE, COLONIALITY, AND CULTURAL MEMORY","C. Coloniality, Possession, and Racial Geographies",False,4,16,"Jáuregui, Carlos A",Espectros y conjuras: asedios a la cuestión colonial,2020,jauregui-espectros-y-conjuras-asedios-a-2020,1.0,"Jáuregui, Carlos A. Espectros y conjuras: asedios a la cuestión colonial. Iberoamericana / Vervuert, 2020."
matched,"I. THEORY: NARRATIVE, COLONIALITY, AND CULTURAL MEMORY","C. Coloniality, Possession, and Racial Geographies",False,5,17,"Saldaña-Portillo, María Josefina",Indian Given: Racial Geographies across Mexico and the United States,2016,saldana-portillo-indian-given-racial-geographies-across-2016,1.0,"Saldaña-Portillo, María Josefina. Indian Given: Racial Geographies across Mexico and the United States. Duke University Press, 2016."
matched,"I. THEORY: NARRATIVE, COLONIALITY, AND CULTURAL MEMORY","C. Coloniality, Possession, and Racial Geographies",False,6,18,"Taussig, Michael","Shamanism, Colonialism, and the Wild Man: A Study in Terror and Healing",1987,taussig-shamanism-colonialism-and-the-wild-1987,1.0,"Taussig, Michael. Shamanism, Colonialism, and the Wild Man: A Study in Terror and Healing. University of Chicago Press, 1987."
matched,"I. THEORY: NARRATIVE, COLONIALITY, AND CULTURAL MEMORY","D. Chicana Feminisms, Indigenous Knowledge, and Borderlands Religion",False,1,19,"Anzaldúa, Gloria",Borderlands / La Frontera: The New Mestiza,1987,anzaldua-borderlands-la-frontera-the-new-1987,1.0,"Anzaldúa, Gloria. Borderlands / La Frontera: The New Mestiza. Aunt Lute Books, 1987."
matched,"I. THEORY: NARRATIVE, COLONIALITY, AND CULTURAL MEMORY","D. Chicana Feminisms, Indigenous Knowledge, and Borderlands Religion",False,2,20,"Castillo, Ana",Massacre of the Dreamers: Essays on Xicanisma,1994,castillo-massacre-of-the-dreamers-essays-1994,1.0,"Castillo, Ana. Massacre of the Dreamers: Essays on Xicanisma. University of New Mexico Press, 1994."
matched,"I. THEORY: NARRATIVE, COLONIALITY, AND CULTURAL MEMORY","D. Chicana Feminisms, Indigenous Knowledge, and Borderlands Religion",False,3,21,"Delgado, Vivian","You’re Not Indian, You’re Mexican",2007,delgado-you-re-not-indian-you-2007,1.0,"Delgado, Vivian. You’re Not Indian, You’re Mexican. Turtle Island Press, 2007."
matched,"I. THEORY: NARRATIVE, COLONIALITY, AND CULTURAL MEMORY","D. Chicana Feminisms, Indigenous Knowledge, and Borderlands Religion",False,4,22,"Gonzales, Patrisia",Red Medicine: Traditional Indigenous Rites of Birthing and Healing,2012,gonzales-red-medicine-traditional-indigenous-rite-2012,1.0,"Gonzales, Patrisia. Red Medicine: Traditional Indigenous Rites of Birthing and Healing. University of Arizona Press, 2012."
matched,"I. THEORY: NARRATIVE, COLONIALITY, AND CULTURAL MEMORY","D. Chicana Feminisms, Indigenous Knowledge, and Borderlands Religion",False,5,23,"León, Luis D","La Llorona’s Children: Religion, Life, and Death in the U.S.–Mexican Borderlands",2004,leon-la-llorona-s-children-religion-2004,1.0,"León, Luis D. La Llorona’s Children: Religion, Life, and Death in the U.S.–Mexican Borderlands. University of California Press, 2004."
matched,"I. THEORY: NARRATIVE, COLONIALITY, AND CULTURAL MEMORY","D. Chicana Feminisms, Indigenous Knowledge, and Borderlands Religion",False,6,24,"Koshatka Seman, Jennifer",Border Curanderos,2021,seman-border-curanderos-2021,1.0,"Koshatka Seman, Jennifer. Border Curanderos. University of Texas Press, 2021."
matched,"I. THEORY: NARRATIVE, COLONIALITY, AND CULTURAL MEMORY","E. Indigenous Studies: Sovereignty, Refusal, and Temporality",False,1,25,"Simpson, Audra",Mohawk Interruptus: Political Life across the Borders of Settler States,2014,simpson-mohawk-interruptus-political-life-across-2014,1.0,"Simpson, Audra. Mohawk Interruptus: Political Life across the Borders of Settler States. Duke University Press, 2014."
matched,"I. THEORY: NARRATIVE, COLONIALITY, AND CULTURAL MEMORY","E. Indigenous Studies: Sovereignty, Refusal, and Temporality",False,2,26,"Schaeffer, Felicity Amaya",Unsettled Borders: The Militarized Science of Surveillance on Sacred Indigenous Land,2022,schaeffer-unsettled-borders-the-militarized-scienc-2022,1.0,"Schaeffer, Felicity Amaya. Unsettled Borders: The Militarized Science of Surveillance on Sacred Indigenous Land. Duke University Press, 2022."
supplementary,"I. THEORY: NARRATIVE, COLONIALITY, AND CULTURAL MEMORY",Supplementary,True,1,1,"Segato, Rita Laura",La crítica de la colonialidad en ocho ensayos: y una antropología por demanda,2021,segato-la-critica-de-la-colonialidad-2021,1.0,"Segato, Rita Laura. La crítica de la colonialidad en ocho ensayos: y una antropología por demanda. Prometeo Libros, 2021."
supplementary,"I. THEORY: NARRATIVE, COLONIALITY, AND CULTURAL MEMORY",Supplementary,True,2,2,"Rifkin, Mark",Beyond Settler Time: Temporal Sovereignty and Indigenous Self- Determination,2017,rifkin-beyond-settler-time-temporal-sovereignty-2017,1.0,"Rifkin, Mark. Beyond Settler Time: Temporal Sovereignty and Indigenous Self- Determination. Duke University Press, 2017."
supplementary,"I. THEORY: NARRATIVE, COLONIALITY, AND CULTURAL MEMORY",Supplementary,True,3,3,"Cornejo Polar, Antonio",Escribir en el aire: ensayo sobre la heterogeneidad socio- cultural en las literaturas andinas,1994,cornejo-polar-escribir-en-el-aire-ensayo-1994,1.0,"Cornejo Polar, Antonio. Escribir en el aire: ensayo sobre la heterogeneidad socio- cultural en las literaturas andinas. Horizonte, 1994."
supplementary,"I. THEORY: NARRATIVE, COLONIALITY, AND CULTURAL MEMORY",Supplementary,True,4,4,"Jelin, Elizabeth",Los trabajos de la memoria,2002,jelin-los-trabajos-de-la-memoria-2002,1.0,"Jelin, Elizabeth. Los trabajos de la memoria. Siglo XXI Editores, 2002."
supplementary,"I. THEORY: NARRATIVE, COLONIALITY, AND CULTURAL MEMORY",Supplementary,True,5,5,"Fong, Timothy P",Ethnic Studies Research: Approaches and Perspectives,2008,fong-ethnic-studies-research-approaches-and-2008,1.0,"Fong, Timothy P., editor. Ethnic Studies Research: Approaches and Perspectives. AltaMira Press, 2008."
supplementary,"I. THEORY: NARRATIVE, COLONIALITY, AND CULTURAL MEMORY",Supplementary,True,6,6,"Sanjek, Roger, editor",Fieldnotes: The Makings of Anthropology,1990,sanjek-fieldnotes-the-makings-of-anthropology-1990,1.0,"Sanjek, Roger, editor. Fieldnotes: The Makings of Anthropology. Cornell University Press, 1990. AND HAUNTOLOGY IN THE U.S.–MEXICO BORDERLANDS"
matched,"II. DISSERTATION: COLONIAL ARCHIVES, ORAL TRADITIONS, HAUNTING,","A. Colonial Narratives, Inquisitorial Archives, and Territorial Formation",False,1,1,"Cabeza de Vaca, Álvar Núñez",Naufragios,1989,cabeza-de-vaca-naufragios-1989,1.0,"Cabeza de Vaca, Álvar Núñez. Naufragios. Edición de Juan Francisco Maura, Cátedra, 1989."
matched,"II. DISSERTATION: COLONIAL ARCHIVES, ORAL TRADITIONS, HAUNTING,","A. Colonial Narratives, Inquisitorial Archives, and Territorial Formation",False,2,2,"Villagrá, Gaspar Pérez de",Historia de la Nueva México,2010,villagra-historia-de-la-nueva-mexico-2010,1.0,"Villagrá, Gaspar Pérez de. Historia de la Nueva México. Edición de Manuel M. Martín Rodríguez, Instituto Franklin / Universidad de Alcalá, 2010."
matched,"II. DISSERTATION: COLONIAL ARCHIVES, ORAL TRADITIONS, HAUNTING,","A. Colonial Narratives, Inquisitorial Archives, and Territorial Formation",False,3,3,"Flores, Enrique, y Mariana Masera, coordinadores","Relatos populares de la Inquisición novohispana: rito, magia y otras “supersticiones,” siglos XVII–XVIII",2010,flores-relatos-populares-de-la-inquisicion-2010,1.0,"Flores, Enrique, y Mariana Masera, coordinadores. Relatos populares de la Inquisición novohispana: rito, magia y otras “supersticiones,” siglos XVII–XVIII. Consejo Superior de Investigaciones Científicas / Universidad Nacional Autónoma de México, 2010."
matched,"II. DISSERTATION: COLONIAL ARCHIVES, ORAL TRADITIONS, HAUNTING,","A. Colonial Narratives, Inquisitorial Archives, and Territorial Formation",False,4,4,"Ebright, Malcolm, y Rick Hendricks","The Witches of Abiquiu: The Governor, the Priest, the Genízaro Indians, and the Devil",2006,ebright-the-witches-of-abiquiu-the-2006,1.0,"Ebright, Malcolm, y Rick Hendricks. The Witches of Abiquiu: The Governor, the Priest, the Genízaro Indians, and the Devil. University of New Mexico Press, 2006."
matched,"II. DISSERTATION: COLONIAL ARCHIVES, ORAL TRADITIONS, HAUNTING,","B. Oral Tradition, Regional Language, and Folklore Collection",False,1,5,"Espinosa, Aurelio M",The Folklore of Spain in the American Southwest: Traditional Spanish Folk Literature in Northern New Mexico and Southern Colorado,1985,espinosa-the-folklore-of-spain-in-1985,1.0,"Espinosa, Aurelio M. The Folklore of Spain in the American Southwest: Traditional Spanish Folk Literature in Northern New Mexico and Southern Colorado. Edición de J. Manuel Espinosa, University of Oklahoma Press, 1985."
matched,"II. DISSERTATION: COLONIAL ARCHIVES, ORAL TRADITIONS, HAUNTING,","B. Oral Tradition, Regional Language, and Folklore Collection",False,2,6,"Espinosa, J","Manuel, recopilador",1998,espinosa-cuentos-de-cuanto-hay-tales-1998,0.57,"Espinosa, J. Manuel, recopilador. Cuentos de cuanto hay / Tales from Spanish New Mexico. Edición y traducción de Joe Hayes, ilustraciones de William Rotsaert, University of New Mexico Press, 1998."
matched,"II. DISSERTATION: COLONIAL ARCHIVES, ORAL TRADITIONS, HAUNTING,","B. Oral Tradition, Regional Language, and Folklore Collection",False,3,7,"Griego y Maestas, José, y Rudolfo A","Anaya, editores",1980,griego-y-maestas-cuentos-tales-from-the-hispanic-1980,0.95,"Griego y Maestas, José, y Rudolfo A. Anaya, editores. Cuentos: Tales from the Hispanic Southwest. Museum of New Mexico Press, 1980."
matched,"II. DISSERTATION: COLONIAL ARCHIVES, ORAL TRADITIONS, HAUNTING,","B. Oral Tradition, Regional Language, and Folklore Collection",False,4,8,"Pijoan de Van Etten, Teresa",Spanish-American Folktales: The Practical Wisdom of Spanish-Americans in 28 Eloquent and Simple Stories,1990,pijoan-de-van-etten-spanish-american-folktales-the-practical-1990,1.0,"Pijoan de Van Etten, Teresa. Spanish-American Folktales: The Practical Wisdom of Spanish-Americans in 28 Eloquent and Simple Stories. August House, 1990."
matched,"II. DISSERTATION: COLONIAL ARCHIVES, ORAL TRADITIONS, HAUNTING,","B. Oral Tradition, Regional Language, and Folklore Collection",False,5,9,"Rael, Juan B",Cuentos españoles de Colorado y Nuevo México / Spanish Folk Tales from Colorado and New Mexico,1977,rael-cuentos-espanoles-de-colorado-y-1977,1.0,"Rael, Juan B., recopilador. Cuentos españoles de Colorado y Nuevo México / Spanish Folk Tales from Colorado and New Mexico. Museum of New Mexico Press, 1977. 2 vols."
matched,"II. DISSERTATION: COLONIAL ARCHIVES, ORAL TRADITIONS, HAUNTING,","B. Oral Tradition, Regional Language, and Folklore Collection",False,6,10,"Rebolledo, Tey Diana, y María Teresa Márquez, editoras",Women’s Tales from the New Mexico WPA: La diabla a pie,2000,rebolledo-women-s-tales-from-the-2000,1.0,"Rebolledo, Tey Diana, y María Teresa Márquez, editoras. Women’s Tales from the New Mexico WPA: La diabla a pie. Arte Público Press, 2000."
matched,"II. DISSERTATION: COLONIAL ARCHIVES, ORAL TRADITIONS, HAUNTING,","B. Oral Tradition, Regional Language, and Folklore Collection",False,7,11,"Vigil, Ángel, recopilador",The Corn Woman: Stories and Legends of the Hispanic Southwest,1994,vigil-the-corn-woman-stories-and-1994,1.0,"Vigil, Ángel, recopilador. The Corn Woman: Stories and Legends of the Hispanic Southwest. Traducción de Jennifer Audrey Lowell, Libraries Unlimited, 1994."
matched,"II. DISSERTATION: COLONIAL ARCHIVES, ORAL TRADITIONS, HAUNTING,","C. Witchcraft, Healing, and Supernatural Encounters",False,1,12,"Delgado, Edmundo R",Witch Stories of New Mexico: Folklore of New Spain / Cuentos de brujas de Nuevo México: folklore de la Nueva España,1994,delgado-witch-stories-of-new-mexico-1994,1.0,"Delgado, Edmundo R., editor. Witch Stories of New Mexico: Folklore of New Spain / Cuentos de brujas de Nuevo México: folklore de la Nueva España. E. R. Delgado, 1994."
matched,"II. DISSERTATION: COLONIAL ARCHIVES, ORAL TRADITIONS, HAUNTING,","C. Witchcraft, Healing, and Supernatural Encounters",False,2,13,"García, Nasario, recopilador","Brujas, bultos, y brasas: Tales of Witchcraft and the Supernatural in the Pecos Valley",1999,garcia-brujas-bultos-y-brasas-tales-1999,1.0,"García, Nasario, recopilador. Brujas, bultos, y brasas: Tales of Witchcraft and the Supernatural in the Pecos Valley. Western Edge Press, 1999."
matched,"II. DISSERTATION: COLONIAL ARCHIVES, ORAL TRADITIONS, HAUNTING,","C. Witchcraft, Healing, and Supernatural Encounters",False,3,14,"García, Nasario",Brujerías: Stories of Witchcraft and the Supernatural in the American Southwest and Beyond,2007,garcia-brujerias-stories-of-witchcraft-and-2007,1.0,"García, Nasario. Brujerías: Stories of Witchcraft and the Supernatural in the American Southwest and Beyond. Texas Tech University Press, 2007."
matched,"II. DISSERTATION: COLONIAL ARCHIVES, ORAL TRADITIONS, HAUNTING,","C. Witchcraft, Healing, and Supernatural Encounters",False,4,15,"Kraul, Edward Garcia, y Judith Beatty",The Weeping Woman: Encounters with La Llorona,1988,kraul-the-weeping-woman-encounters-with-1988,1.0,"Kraul, Edward Garcia, y Judith Beatty. The Weeping Woman: Encounters with La Llorona. Word Process, 1988."
matched,"II. DISSERTATION: COLONIAL ARCHIVES, ORAL TRADITIONS, HAUNTING,",D. Literary Reworkings and Comparative Indigenous Horror,False,1,16,Antonio R,American Indian Ghost Stories of the West,2003,garcez-american-indian-ghost-stories-of-2003,0.96,"Antonio R. American Indian Ghost Stories of the West. Red Rabbit Press, 2003."
matched,"II. DISSERTATION: COLONIAL ARCHIVES, ORAL TRADITIONS, HAUNTING,",D. Literary Reworkings and Comparative Indigenous Horror,False,2,17,"Sagel, Jim",Hablando de brujas y la gente de antes: poemas del Río Chama,1981,sagel-hablando-de-brujas-y-la-1981,1.0,"Sagel, Jim. Hablando de brujas y la gente de antes: poemas del Río Chama. Introducción de John Nichols, Place of Herons Press, 1981."
matched,"II. DISSERTATION: COLONIAL ARCHIVES, ORAL TRADITIONS, HAUNTING,","E. Hauntology, Spectrality, and Historical Temporality",False,1,18,"Abudu, KJ, editor",Living with Ghosts: A Reader,2022,abudu-living-with-ghosts-a-reader-2022,1.0,"Abudu, KJ, editor. Living with Ghosts: A Reader. Pace Publishing, 2022."
matched,"II. DISSERTATION: COLONIAL ARCHIVES, ORAL TRADITIONS, HAUNTING,","E. Hauntology, Spectrality, and Historical Temporality",False,2,19,"Derrida, Jacques","Specters of Marx: The State of the Debt, the Work of Mourning, and the New International",1994,derrida-specters-of-marx-the-state-1994,1.0,"Derrida, Jacques. Specters of Marx: The State of the Debt, the Work of Mourning, and the New International. Traducción de Peggy Kamuf, Routledge, 1994."
matched,"II. DISSERTATION: COLONIAL ARCHIVES, ORAL TRADITIONS, HAUNTING,","E. Hauntology, Spectrality, and Historical Temporality",False,3,20,"Weinstock, Jeffrey Andrew, editor",Spectral America: Phantoms and the National Imagination,2004,weinstock-spectral-america-phantoms-and-the-2004,1.0,"Weinstock, Jeffrey Andrew, editor. Spectral America: Phantoms and the National Imagination. University of Wisconsin Press, 2004."
matched,"II. DISSERTATION: COLONIAL ARCHIVES, ORAL TRADITIONS, HAUNTING,","E. Hauntology, Spectrality, and Historical Temporality",False,4,21,"Fisher, Mark",The Weird and the Eerie,2017,fisher-the-weird-and-the-eerie-2017,1.0,"Fisher, Mark. The Weird and the Eerie. Repeater Books, 2017. Magical Realism"
matched,"II. DISSERTATION: COLONIAL ARCHIVES, ORAL TRADITIONS, HAUNTING,","F. Haunting as Aesthetic and Narrative Experience: The Fantastic, the Gothic, and",False,1,22,"Keetley, Dawn, y Ruth Heholt, editoras",Folk Horror: New Global Pathways,2023,keetley-folk-horror-new-global-pathways-2023,1.0,"Keetley, Dawn, y Ruth Heholt, editoras. Folk Horror: New Global Pathways. University of Wales Press, 2023."
matched,"II. DISSERTATION: COLONIAL ARCHIVES, ORAL TRADITIONS, HAUNTING,","F. Haunting as Aesthetic and Narrative Experience: The Fantastic, the Gothic, and",False,2,23,"Todorov, Tzvetan",The Fantastic: A Structural Approach to a Literary Genre,1975,todorov-the-fantastic-a-structural-approach-1975,1.0,"Todorov, Tzvetan. The Fantastic: A Structural Approach to a Literary Genre. Traducción de Richard Howard, Cornell University Press, 1975."
matched,"II. DISSERTATION: COLONIAL ARCHIVES, ORAL TRADITIONS, HAUNTING,","F. Haunting as Aesthetic and Narrative Experience: The Fantastic, the Gothic, and",False,3,24,"Walter, Roland",Magical Realism in Contemporary Chicano Fiction,1993,walter-magical-realism-in-contemporary-chicano-1993,1.0,"Walter, Roland. Magical Realism in Contemporary Chicano Fiction. Vervuert, 1993."
matched,"II. DISSERTATION: COLONIAL ARCHIVES, ORAL TRADITIONS, HAUNTING,","G. Chicana Spatial Criticism, Borderlands, and Hemispheric Haunting",False,1,25,"Blanco, María del Pilar","Ghost-Watching American Modernity: Haunting, Landscape, and the Hemispheric Imagination",2012,blanco-ghost-watching-american-modernity-haunti-2012,1.0,"Blanco, María del Pilar. Ghost-Watching American Modernity: Haunting, Landscape, and the Hemispheric Imagination. Fordham University Press, 2012."
matched,"II. DISSERTATION: COLONIAL ARCHIVES, ORAL TRADITIONS, HAUNTING,","G. Chicana Spatial Criticism, Borderlands, and Hemispheric Haunting",False,2,26,"Brady, Mary Pat","Extinct Lands, Temporal Geographies: Chicana Literature and the Urgency of Space",2002,brady-extinct-lands-temporal-geographies-chica-2002,1.0,"Brady, Mary Pat. Extinct Lands, Temporal Geographies: Chicana Literature and the Urgency of Space. Duke University Press, 2002."
matched,"II. DISSERTATION: COLONIAL ARCHIVES, ORAL TRADITIONS, HAUNTING,","G. Chicana Spatial Criticism, Borderlands, and Hemispheric Haunting",False,3,27,"Perez, Domino Renee",There Was a Woman: La Llorona from Folklore to Popular Culture,2008,perez-there-was-a-woman-la-2008,1.0,"Perez, Domino Renee. There Was a Woman: La Llorona from Folklore to Popular Culture. University of Texas Press, 2008."
matched,"II. DISSERTATION: COLONIAL ARCHIVES, ORAL TRADITIONS, HAUNTING,","H. Archival Criticism, Documents, and Media",False,1,28,"Bolaños, Álvaro Félix, y Gustavo Verdesio, editores",Colonialism Past and Present: Reading and Writing about Colonial Latin America Today,2002,bolanos-colonialism-past-and-present-reading-2002,1.0,"Bolaños, Álvaro Félix, y Gustavo Verdesio, editores. Colonialism Past and Present: Reading and Writing about Colonial Latin America Today. State University of New York Press, 2002."
matched,"II. DISSERTATION: COLONIAL ARCHIVES, ORAL TRADITIONS, HAUNTING,","H. Archival Criticism, Documents, and Media",False,2,29,"Moraña, Mabel, Enrique Dussel, y Carlos A","Jáuregui, editores",2008,morana-coloniality-at-large-latin-america-2008,0.9,"Moraña, Mabel, Enrique Dussel, y Carlos A. Jáuregui, editores. Coloniality at Large: Latin America and the Postcolonial Debate. Duke University Press, 2008."
matched,"II. DISSERTATION: COLONIAL ARCHIVES, ORAL TRADITIONS, HAUNTING,",I. Nuevomexicano Cultural History and Genízaro Identity,False,1,30,"Gonzales, Moises, y Enrique R","Lamadrid, editores",2019,gonzales-nacion-genizara-ethnogenesis-place-and-2019,0.75,"Gonzales, Moises, y Enrique R. Lamadrid, editores. Nación Genízara: Ethnogenesis, Place, and Identity in New Mexico. University of New Mexico Press, 2019."
supplementary,"II. DISSERTATION: COLONIAL ARCHIVES, ORAL TRADITIONS, HAUNTING,",Supplementary,True,1,1,"Padilla, Genaro M","My History, Not Yours: The Formation of Mexican American Autobiography",1993,padilla-my-history-not-yours-the-1993,1.0,"Padilla, Genaro M. My History, Not Yours: The Formation of Mexican American Autobiography. University of Wisconsin Press, 1993."
supplementary,"II. DISSERTATION: COLONIAL ARCHIVES, ORAL TRADITIONS, HAUNTING,",Supplementary,True,2,2,"Briggs, Charles L",Competence in Performance: The Creativity of Tradition in Mexicano Verbal Art,1988,briggs-competence-in-performance-the-creativity-1988,1.0,"Briggs, Charles L. Competence in Performance: The Creativity of Tradition in Mexicano Verbal Art. University of Pennsylvania Press, 1988."
supplementary,"II. DISSERTATION: COLONIAL ARCHIVES, ORAL TRADITIONS, HAUNTING,",Supplementary,True,3,3,"Rama, Ángel",La ciudad letrada,1984,rama-la-ciudad-letrada-1984,1.0,"Rama, Ángel. La ciudad letrada. Ediciones del Norte, 1984."
supplementary,"II. DISSERTATION: COLONIAL ARCHIVES, ORAL TRADITIONS, HAUNTING,",Supplementary,True,4,4,"Cobos, Rubén",A Dictionary of New Mexico and Southern Colorado Spanish,2003,cobos-a-dictionary-of-new-mexico-2003,1.0,"Cobos, Rubén. A Dictionary of New Mexico and Southern Colorado Spanish. 2.ª ed., Museum of New Mexico Press, 2003."
supplementary,"II. DISSERTATION: COLONIAL ARCHIVES, ORAL TRADITIONS, HAUNTING,",Supplementary,True,5,5,"Gitelman, Lisa",Paper Knowledge: Toward a Media History of Documents,2014,gitelman-paper-knowledge-toward-a-media-2014,1.0,"Gitelman, Lisa. Paper Knowledge: Toward a Media History of Documents. Duke University Press, 2014."
supplementary,"II. DISSERTATION: COLONIAL ARCHIVES, ORAL TRADITIONS, HAUNTING,",Supplementary,True,6,6,"Burns, Kathryn",Into the Archive: Writing and Power in Colonial Peru,2010,burns-into-the-archive-writing-and-2010,1.0,"Burns, Kathryn. Into the Archive: Writing and Power in Colonial Peru. Duke University Press, 2010."
supplementary,"II. DISSERTATION: COLONIAL ARCHIVES, ORAL TRADITIONS, HAUNTING,",Supplementary,True,7,7,"Brady, Mary Pat",Scales of Captivity: Racial Capitalism and the Latinx Child,2022,brady-scales-of-captivity-racial-capitalism-2022,1.0,"Brady, Mary Pat. Scales of Captivity: Racial Capitalism and the Latinx Child. Duke University Press, 2022."
supplementary,"II. DISSERTATION: COLONIAL ARCHIVES, ORAL TRADITIONS, HAUNTING,",Supplementary,True,8,8,"Hawk, Shane, y Theodore C","Van Alst Jr., editores",2023,hawk-never-whistle-at-night-an-2023,0.75,"Hawk, Shane, y Theodore C. Van Alst Jr., editores. Never Whistle at Night: An Indigenous Dark Fiction Anthology. Vintage Books, 2023."
supplementary,"II. DISSERTATION: COLONIAL ARCHIVES, ORAL TRADITIONS, HAUNTING,",Supplementary,True,9,9,"Meléndez, A",Gabriel,1997,melendez-so-all-is-not-lost-1997,0.55,"Meléndez, A. Gabriel. So All Is Not Lost: The Poetics of Print in Nuevomexicano Communities, 1834–1958. University of New Mexico Press, 1997."
supplementary,"II. DISSERTATION: COLONIAL ARCHIVES, ORAL TRADITIONS, HAUNTING,",Supplementary,True,10,10,"Rabasa, José","Without History: Subaltern Studies, the Zapatista Insurgency, and the Limits of Historical Discourse",2010,rabasa-without-history-subaltern-studies-the-2010,1.0,"Rabasa, José. Without History: Subaltern Studies, the Zapatista Insurgency, and the Limits of Historical Discourse. University of Pittsburgh Press, 2010."
supplementary,"II. DISSERTATION: COLONIAL ARCHIVES, ORAL TRADITIONS, HAUNTING,",Supplementary,True,11,11,"Ortega, Élika",Binding Media: Hybrid Print-Digital Literature from across the Americas,2025,ortega-binding-media-hybrid-print-digital-2025,1.0,"Ortega, Élika. Binding Media: Hybrid Print-Digital Literature from across the Americas. Stanford University Press, 2025."
supplementary,"II. DISSERTATION: COLONIAL ARCHIVES, ORAL TRADITIONS, HAUNTING,",Supplementary,True,12,12,"Boj López, Floridalma",Indigenous Archives: The Maya Diaspora and Mobile Cultural Production,2026,boj-lopez-indigenous-archives-the-maya-diaspora-2026,1.0,"Boj López, Floridalma. Indigenous Archives: The Maya Diaspora and Mobile Cultural Production. Duke University Press, 2026."
supplementary,"II. DISSERTATION: COLONIAL ARCHIVES, ORAL TRADITIONS, HAUNTING,",Supplementary,True,13,13,"Fisher, Mark","Ghosts of My Life: Writings on Depression, Hauntology and Lost Futures",2014,fisher-ghosts-of-my-life-writings-2014,1.0,"Fisher, Mark. Ghosts of My Life: Writings on Depression, Hauntology and Lost Futures. Zero Books, 2014."
supplementary,"II. DISSERTATION: COLONIAL ARCHIVES, ORAL TRADITIONS, HAUNTING,",Supplementary,True,14,14,"Spooner, Catherine",Contemporary Gothic,2006,spooner-contemporary-gothic-2006,1.0,"Spooner, Catherine. Contemporary Gothic. Reaktion Books, 2006."
supplementary,"II. DISSERTATION: COLONIAL ARCHIVES, ORAL TRADITIONS, HAUNTING,",Supplementary,True,15,15,"Campra, Rosalba",Territorios de la ficción: lo fantástico,2008,campra-territorios-de-la-ficcion-lo-2008,1.0,"Campra, Rosalba. Territorios de la ficción: lo fantástico. Renacimiento, 2008."
supplementary,"II. DISSERTATION: COLONIAL ARCHIVES, ORAL TRADITIONS, HAUNTING,",Supplementary,True,16,16,"Keetley, Dawn",Folk Gothic,2024,keetley-folk-gothic-2024,1.0,"Keetley, Dawn. Folk Gothic. Cambridge University Press, 2024."
supplementary,"II. DISSERTATION: COLONIAL ARCHIVES, ORAL TRADITIONS, HAUNTING,",Supplementary,True,17,17,"Padilla, Genaro","The Daring Flight of My Pen: Cultural Politics and Gaspar Pérez de Villagrá’s Historia de la Nueva México, 1610",2010,padilla-the-daring-flight-of-my-2010,1.0,"Padilla, Genaro. The Daring Flight of My Pen: Cultural Politics and Gaspar Pérez de Villagrá’s Historia de la Nueva México, 1610. University of New Mexico Press, 2010."
supplementary,"II. DISSERTATION: COLONIAL ARCHIVES, ORAL TRADITIONS, HAUNTING,",Supplementary,True,18,18,"Scovell, Adam",Folk Horror: Hours Dreadful and Things Strange,2017,scovell-folk-horror-hours-dreadful-and-2017,1.0,"Scovell, Adam. Folk Horror: Hours Dreadful and Things Strange. Auteur, 2017."
supplementary,"II. DISSERTATION: COLONIAL ARCHIVES, ORAL TRADITIONS, HAUNTING,",Supplementary,True,19,19,"Méndez, María Águeda, coordinadora","Catálogo de textos marginados novohispanos: Inquisición, siglos XVIII y XIX",1992,mendez-catalogo-de-textos-marginados-novohispan-1992,1.0,"Méndez, María Águeda, coordinadora. Catálogo de textos marginados novohispanos: Inquisición, siglos XVIII y XIX. Archivo General de la Nación / El Colegio de México / Universidad Nacional Autónoma de México, 1992."
supplementary,"II. DISSERTATION: COLONIAL ARCHIVES, ORAL TRADITIONS, HAUNTING,",Supplementary,True,20,20,"Mignolo, Walter",Teoría del texto e interpretación de textos,1986,mignolo-teoria-del-texto-e-interpretacion-1986,1.0,"Mignolo, Walter. Teoría del texto e interpretación de textos. Universidad Nacional Autónoma de México, 1986."
supplementary,"II. DISSERTATION: COLONIAL ARCHIVES, ORAL TRADITIONS, HAUNTING,",Supplementary,True,21,21,"Rodríguez, Gregorita","Singing for My Echo: Memories of Gregorita Rodríguez, a Native Healer of Santa Fe",1987,rodriguez-singing-for-my-echo-memories-1987,1.0,"Rodríguez, Gregorita. Singing for My Echo: Memories of Gregorita Rodríguez, a Native Healer of Santa Fe. Relato recogido por Edith Powers, Cota Editions / Ocean Tree, 1987. INDIGENOUS TEXTS"
matched,"III. TEACHING: MEXICAN AND CHICANX LITERATURES, WITH COMPARATIVE","A. Nation, Race, and Revolution in Mexican Literature",False,1,1,"Fernández de Lizardi, José Joaquín",El Periquillo Sarniento,1959,fernandez-de-lizardi-el-periquillo-sarniento-1816,1.0,"Fernández de Lizardi, José Joaquín. El Periquillo Sarniento. 1816. Prólogo de Jefferson Rea Spell, Porrúa, 1959."
matched,"III. TEACHING: MEXICAN AND CHICANX LITERATURES, WITH COMPARATIVE","A. Nation, Race, and Revolution in Mexican Literature",False,2,2,"Payno, Manuel",Los bandidos de Río Frío,1959,payno-los-bandidos-de-rio-frio-1891,1.0,"Payno, Manuel. Los bandidos de Río Frío. 1889–91. Edición y prólogo de Antonio Castro Leal, Porrúa, 1959."
matched,"III. TEACHING: MEXICAN AND CHICANX LITERATURES, WITH COMPARATIVE","A. Nation, Race, and Revolution in Mexican Literature",False,3,3,"Frías, Heriberto",Tomóchic,1893,frias-tomochic-1893,1.0,"Frías, Heriberto. Tomóchic. Tipografía El Demócrata, 1893."
matched,"III. TEACHING: MEXICAN AND CHICANX LITERATURES, WITH COMPARATIVE","A. Nation, Race, and Revolution in Mexican Literature",False,4,4,"Azuela, Mariano",Los de abajo,1915,azuela-los-de-abajo-1915,1.0,"Azuela, Mariano. Los de abajo. Folletín de El Paso del Norte, 1915."
matched,"III. TEACHING: MEXICAN AND CHICANX LITERATURES, WITH COMPARATIVE","A. Nation, Race, and Revolution in Mexican Literature",False,5,5,"Vasconcelos, José",La raza cósmica: misión de la raza iberoamericana,1925,vasconcelos-la-raza-cosmica-1925,1.0,"Vasconcelos, José. La raza cósmica: misión de la raza iberoamericana. Agencia Mundial de Librería, 1925."
matched,"III. TEACHING: MEXICAN AND CHICANX LITERATURES, WITH COMPARATIVE","A. Nation, Race, and Revolution in Mexican Literature",False,6,6,"Campobello, Nellie",Cartucho: relatos de la lucha en el norte de México,1931,campobello-cartucho-1931,1.0,"Campobello, Nellie. Cartucho: relatos de la lucha en el norte de México. Ediciones Integrales, 1931."
matched,"III. TEACHING: MEXICAN AND CHICANX LITERATURES, WITH COMPARATIVE","A. Nation, Race, and Revolution in Mexican Literature",False,7,7,"Revueltas, José",El luto humano,1943,revueltas-el-luto-humano-1943,1.0,"Revueltas, José. El luto humano. Editorial México, 1943."
matched,"III. TEACHING: MEXICAN AND CHICANX LITERATURES, WITH COMPARATIVE","A. Nation, Race, and Revolution in Mexican Literature",False,8,8,"Paz, Octavio",El laberinto de la soledad,1950,paz-el-laberinto-de-la-soledad-1950,1.0,"Paz, Octavio. El laberinto de la soledad. Cuadernos Americanos, 1950."
matched,"III. TEACHING: MEXICAN AND CHICANX LITERATURES, WITH COMPARATIVE","A. Nation, Race, and Revolution in Mexican Literature",False,9,9,"Fuentes, Carlos",La muerte de Artemio Cruz,1962,fuentes-la-muerte-de-artemio-cruz-1962,1.0,"Fuentes, Carlos. La muerte de Artemio Cruz. Fondo de Cultura Económica, 1962."
matched,"III. TEACHING: MEXICAN AND CHICANX LITERATURES, WITH COMPARATIVE","B. Mexican American Print Culture, Folklore, and Chicano Cultural Nationalism",False,1,10,"Arce, Julio G",[Jorge Ulica],1982,arce-cronicas-diabolicas-1916-1926-1982,0.78,"Arce, Julio G. [Jorge Ulica]. Crónicas diabólicas, 1916–1926. Edición de Juan Rodríguez, Maize Press, 1982."
matched,"III. TEACHING: MEXICAN AND CHICANX LITERATURES, WITH COMPARATIVE","B. Mexican American Print Culture, Folklore, and Chicano Cultural Nationalism",False,2,11,"Venegas, Daniel",Las aventuras de don Chipote o Cuando los pericos mamen,1999,venegas-las-aventuras-de-don-chipote-1928,1.0,"Venegas, Daniel. Las aventuras de don Chipote o Cuando los pericos mamen. 1928. Edición de Nicolás Kanellos, Arte Público Press, 1999."
matched,"III. TEACHING: MEXICAN AND CHICANX LITERATURES, WITH COMPARATIVE","B. Mexican American Print Culture, Folklore, and Chicano Cultural Nationalism",False,3,12,"Paredes, Américo",“With His Pistol in His Hand”: A Border Ballad and Its Hero,1958,paredes-with-his-pistol-in-his-1958,1.0,"Paredes, Américo. “With His Pistol in His Hand”: A Border Ballad and Its Hero. University of Texas Press, 1958."
matched,"III. TEACHING: MEXICAN AND CHICANX LITERATURES, WITH COMPARATIVE","B. Mexican American Print Culture, Folklore, and Chicano Cultural Nationalism",False,4,13,"Gonzales, Rodolfo “Corky",1967,1972,gonzales-yo-soy-joaquin-1967,0.95,"Gonzales, Rodolfo “Corky.” I Am Joaquín / Yo soy Joaquín: An Epic Poem. 1967. Bantam Books, 1972."
matched,"III. TEACHING: MEXICAN AND CHICANX LITERATURES, WITH COMPARATIVE","B. Mexican American Print Culture, Folklore, and Chicano Cultural Nationalism",False,5,14,"Rivera, Tomás",…y no se lo tragó la tierra / …And the Earth Did Not Devour Him,1996,rivera-y-no-se-lo-trago-1996,1.0,"Rivera, Tomás. …y no se lo tragó la tierra / …And the Earth Did Not Devour Him. 1971. Traducción de Evangelina Vigil-Piñón, Arte Público Press, 1996."
matched,"III. TEACHING: MEXICAN AND CHICANX LITERATURES, WITH COMPARATIVE","B. Mexican American Print Culture, Folklore, and Chicano Cultural Nationalism",False,6,15,La Chrisx,“La loca de la raza cósmica.” 1978,1993,la-chrisx-la-loca-de-la-raza-1978,1.0,"La Chrisx. “La loca de la raza cósmica.” 1978. Infinite Divisions: An Anthology of Chicana Literature, editado por Tey Diana Rebolledo y Eliana S. Rivero, University of Arizona Press, 1993, pp. 84–87."
matched,"III. TEACHING: MEXICAN AND CHICANX LITERATURES, WITH COMPARATIVE","C. Chicana Feminisms, Embodiment, and Cultural Memory",False,1,16,"Corpi, Lucha",Palabras de mediodía / Noon Words,1980,corpi-palabras-de-mediodia-noon-words-1980,1.0,"Corpi, Lucha. Palabras de mediodía / Noon Words. Traducción de Catherine Rodríguez- Nieto, El Fuego de Aztlán Publications, 1980."
matched,"III. TEACHING: MEXICAN AND CHICANX LITERATURES, WITH COMPARATIVE","C. Chicana Feminisms, Embodiment, and Cultural Memory",False,2,17,"Viramontes, Helena María",The Moths and Other Stories,1985,viramontes-the-moths-and-other-stories-1985,1.0,"Viramontes, Helena María. The Moths and Other Stories. Arte Público Press, 1985."
matched,"III. TEACHING: MEXICAN AND CHICANX LITERATURES, WITH COMPARATIVE","C. Chicana Feminisms, Embodiment, and Cultural Memory",False,3,18,"Chávez, Denise",Loving Pedro Infante,2001,chavez-loving-pedro-infante-2001,1.0,"Chávez, Denise. Loving Pedro Infante. Farrar, Straus and Giroux, 2001."
matched,"III. TEACHING: MEXICAN AND CHICANX LITERATURES, WITH COMPARATIVE","C. Chicana Feminisms, Embodiment, and Cultural Memory",False,4,19,"Fajardo-Anstine, Kali",Sabrina & Corina: Stories,2019,fajardo-anstine-sabrina-corina-stories-2019,1.0,"Fajardo-Anstine, Kali. Sabrina & Corina: Stories. One World, 2019."
matched,"III. TEACHING: MEXICAN AND CHICANX LITERATURES, WITH COMPARATIVE","D. Migration, Borders, and Cultural Translation",False,1,20,"Jiménez, Francisco",Cajas de cartón: relatos de la vida peregrina de un niño campesino,2002,jimenez-cajas-de-carton-2002,1.0,"Jiménez, Francisco. Cajas de cartón: relatos de la vida peregrina de un niño campesino. Houghton Mifflin, 2000. Senderos fronterizos. Houghton Mifflin, 2002."
split,"III. TEACHING: MEXICAN AND CHICANX LITERATURES, WITH COMPARATIVE","D. Migration, Borders, and Cultural Translation",False,1,20,"Jiménez, Francisco",Cajas de cartón: relatos de la vida peregrina de un niño campesino,2002,jimenez-senderos-fronterizos-2002,1.0,"Jiménez, Francisco. Cajas de cartón: relatos de la vida peregrina de un niño campesino. Houghton Mifflin, 2000. Senderos fronterizos. Houghton Mifflin, 2002."
matched,"III. TEACHING: MEXICAN AND CHICANX LITERATURES, WITH COMPARATIVE","D. Migration, Borders, and Cultural Translation",False,2,21,"Alarcón, Francisco X",From the Other Side of Night / Del otro lado de la noche: New and Selected Poems,2002,alarcon-from-the-other-side-of-2002,1.0,"Alarcón, Francisco X. From the Other Side of Night / Del otro lado de la noche: New and Selected Poems. University of Arizona Press, 2002."
matched,"III. TEACHING: MEXICAN AND CHICANX LITERATURES, WITH COMPARATIVE","D. Migration, Borders, and Cultural Translation",False,3,22,"Grande, Reyna",A través de cien montañas,2007,grande-a-traves-de-cien-montanas-2007,1.0,"Grande, Reyna. A través de cien montañas. Atria Books, 2007."
matched,"III. TEACHING: MEXICAN AND CHICANX LITERATURES, WITH COMPARATIVE","D. Migration, Borders, and Cultural Translation",False,4,23,"Urrea, Luis Alberto",The Devil’s Highway,2004,urrea-devil-s-highway-2004,1.0,"Urrea, Luis Alberto. The Devil’s Highway. Little, Brown and Company, 2004."
matched,"III. TEACHING: MEXICAN AND CHICANX LITERATURES, WITH COMPARATIVE","D. Migration, Borders, and Cultural Translation",False,5,24,"Castillo, Marcelo Hernandez",Children of the Land: A Memoir,2020,castillo-children-land-memoir-2020,1.0,"Castillo, Marcelo Hernandez. Children of the Land: A Memoir. Harper Perennial, 2020."
matched,"III. TEACHING: MEXICAN AND CHICANX LITERATURES, WITH COMPARATIVE","E. Haunting, Death, and Fantastic Narrative",False,1,25,"Rulfo, Juan",El llano en llamas,1955,rulfo-el-llano-en-llamas-1955,1.0,"Rulfo, Juan. El llano en llamas. Fondo de Cultura Económica, 1953. Pedro Páramo. Fondo de Cultura Económica, 1955."
split,"III. TEACHING: MEXICAN AND CHICANX LITERATURES, WITH COMPARATIVE","E. Haunting, Death, and Fantastic Narrative",False,1,25,"Rulfo, Juan",El llano en llamas,1955,rulfo-pedro-paramo-1955,1.0,"Rulfo, Juan. El llano en llamas. Fondo de Cultura Económica, 1953. Pedro Páramo. Fondo de Cultura Económica, 1955."
matched,"III. TEACHING: MEXICAN AND CHICANX LITERATURES, WITH COMPARATIVE","E. Haunting, Death, and Fantastic Narrative",False,2,26,"Anaya, Rudolfo","Bless Me, Ultima",1972,anaya-bless-me-ultima-1972,1.0,"Anaya, Rudolfo. Bless Me, Ultima. Quinto Sol Publications, 1972."
matched,"III. TEACHING: MEXICAN AND CHICANX LITERATURES, WITH COMPARATIVE","E. Haunting, Death, and Fantastic Narrative",False,3,27,"Arias, Ron",El camino a Tamazunchale,2002,arias-el-camino-a-tamazunchale-2002,1.0,"Arias, Ron. El camino a Tamazunchale. Traducción de Beth Pollack y Ricardo Aguilar Melantzón, Bilingual Press / Editorial Bilingüe, 2002."
matched,"III. TEACHING: MEXICAN AND CHICANX LITERATURES, WITH COMPARATIVE","E. Haunting, Death, and Fantastic Narrative",False,4,28,"Valdemar García, Itz-Ollin",La casa del brujo / The Sorcerer’s House,1984,valdemar-garcia-la-casa-del-brujo-the-1984,1.0,"Valdemar García, Itz-Ollin. La casa del brujo / The Sorcerer’s House. Muchos Charcos Books, 1984."
matched,"III. TEACHING: MEXICAN AND CHICANX LITERATURES, WITH COMPARATIVE","E. Haunting, Death, and Fantastic Narrative",False,5,29,"Anzaldúa, Gloria",Prietita and the Ghost Woman,1995,anzaldua-prietita-and-the-ghost-woman-1995,1.0,"Anzaldúa, Gloria. Prietita and the Ghost Woman. Ilustraciones de Maya Christina Gonzalez, Children’s Book Press, 1995."
matched,"III. TEACHING: MEXICAN AND CHICANX LITERATURES, WITH COMPARATIVE","E. Haunting, Death, and Fantastic Narrative",False,6,30,"Méndez, Miguel",Los muertos también cuentan,1995,mendez-los-muertos-tambien-cuentan-1995,1.0,"Méndez, Miguel. Los muertos también cuentan. Universidad Autónoma de Ciudad Juárez, 1995."
matched,"III. TEACHING: MEXICAN AND CHICANX LITERATURES, WITH COMPARATIVE","E. Haunting, Death, and Fantastic Narrative",False,7,31,"Herrera, Yuri",La transmigración de los cuerpos,2013,herrera-la-transmigracion-de-los-cuerpos-2013,1.0,"Herrera, Yuri. La transmigración de los cuerpos. Periférica, 2013."
matched,"III. TEACHING: MEXICAN AND CHICANX LITERATURES, WITH COMPARATIVE","E. Haunting, Death, and Fantastic Narrative",False,8,32,"Rivera Garza, Cristina",Los muertos indóciles: necroescrituras y desapropiación,2013,rivera-garza-los-muertos-indociles-necroescrituras-y-2013,1.0,"Rivera Garza, Cristina. Los muertos indóciles: necroescrituras y desapropiación. Tusquets Editores, 2013."
matched,"III. TEACHING: MEXICAN AND CHICANX LITERATURES, WITH COMPARATIVE","E. Haunting, Death, and Fantastic Narrative",False,9,33,"Fragoza, Carribean",Eat the Mouth That Feeds You,2021,fragoza-eat-the-mouth-that-feeds-2021,1.0,"Fragoza, Carribean. Eat the Mouth That Feeds You. City Lights Publishers, 2021."
matched,"III. TEACHING: MEXICAN AND CHICANX LITERATURES, WITH COMPARATIVE","E. Haunting, Death, and Fantastic Narrative",False,10,34,"Dávila, Amparo",Cuentos reunidos,2009,davila-cuentos-reunidos,1.0,"Dávila, Amparo. Cuentos reunidos. Fondo de Cultura Económica, 2009."
matched,"III. TEACHING: MEXICAN AND CHICANX LITERATURES, WITH COMPARATIVE",F. Teaching Practice and Pedagogy,False,1,35,"Sánchez Prado, Ignacio M",Teaching the Mexican Revolution,2026,sanchez-prado-teaching-the-mexican-revolution-2026,1.0,"Sánchez Prado, Ignacio M., editor. Teaching the Mexican Revolution. Modern Language Association of America, 2026."
supplementary,"III. TEACHING: MEXICAN AND CHICANX LITERATURES, WITH COMPARATIVE",Supplementary,True,1,1,"Luiselli, Valeria",Los niños perdidos: un ensayo en cuarenta preguntas,2016,luiselli-los-ninos-perdidos-un-ensayo-2016,1.0,"Luiselli, Valeria. Los niños perdidos: un ensayo en cuarenta preguntas. Sexto Piso, 2016."
supplementary,"III. TEACHING: MEXICAN AND CHICANX LITERATURES, WITH COMPARATIVE",Supplementary,True,2,2,"Castillo, Ana",The Guardians,2007,castillo-the-guardians-2007,1.0,"Castillo, Ana. The Guardians. Random House, 2007."
supplementary,"III. TEACHING: MEXICAN AND CHICANX LITERATURES, WITH COMPARATIVE",Supplementary,True,3,3,"Gómez-Peña, Guillermo",Bitácora del cruce,2006,gomez-pena-bitacora-del-cruce-2006,1.0,"Gómez-Peña, Guillermo. Bitácora del cruce. Fondo de Cultura Económica, 2006."
supplementary,"III. TEACHING: MEXICAN AND CHICANX LITERATURES, WITH COMPARATIVE",Supplementary,True,4,4,"Díaz, Natalie",Postcolonial Love Poem,2020,diaz-postcolonial-love-poem-2020,1.0,"Díaz, Natalie. Postcolonial Love Poem. Graywolf Press, 2020."
supplementary,"III. TEACHING: MEXICAN AND CHICANX LITERATURES, WITH COMPARATIVE",Supplementary,True,5,5,"Pineda, Irma",Nostalgia Doesn’t Flow Away Like Riverwater / Xilase qui rié di’ sicasi rié nisa guiigu’ / La nostalgia no se marcha como el agua de los ríos,2024,pineda-nostalgia-doesn-t-flow-away-2024,1.0,"Pineda, Irma. Nostalgia Doesn’t Flow Away Like Riverwater / Xilase qui rié di’ sicasi rié nisa guiigu’ / La nostalgia no se marcha como el agua de los ríos. Traducción al inglés de Wendy Call, Phoneme Media / Deep Vellum, 2024."
supplementary,"III. TEACHING: MEXICAN AND CHICANX LITERATURES, WITH COMPARATIVE",Supplementary,True,6,6,"Martínez, Elizabeth Coonrod, editora",Teaching Late-Twentieth-Century Mexicana and Chicana Writers,2020,martinez-teaching-late-twentieth-century-mexicana-2020,1.0,"Martínez, Elizabeth Coonrod, editora. Teaching Late-Twentieth-Century Mexicana and Chicana Writers. Modern Language Association of America, 2020."
supplementary,"III. TEACHING: MEXICAN AND CHICANX LITERATURES, WITH COMPARATIVE",Supplementary,True,7,7,"Moraga, Cherríe","A Xicana Codex of Changing Consciousness: Writings, 2000–2010",2011,moraga-a-xicana-codex-of-changing-2011,1.0,"Moraga, Cherríe. A Xicana Codex of Changing Consciousness: Writings, 2000–2010. Duke University Press, 2011."
supplementary,"III. TEACHING: MEXICAN AND CHICANX LITERATURES, WITH COMPARATIVE",Supplementary,True,8,8,"Cisneros, Sandra",Woman Hollering Creek and Other Stories,1991,cisneros-woman-hollering-creek-and-other-1991,1.0,"Cisneros, Sandra. Woman Hollering Creek and Other Stories. Random House, 1991."
supplementary,"III. TEACHING: MEXICAN AND CHICANX LITERATURES, WITH COMPARATIVE",Supplementary,True,9,9,"Meléndez, A","Gabriel, editor",2025,melendez-ciudadanos-por-tratado-textos-de-2025,0.59,"Meléndez, A. Gabriel, editor. Ciudadanos por tratado: textos de los nuevomexicanos, 1846–1925. Modern Language Association of America, 2025."
supplementary,"III. TEACHING: MEXICAN AND CHICANX LITERATURES, WITH COMPARATIVE",Supplementary,True,10,10,"Mohamed Ihab Bebars, Nehad","Voces femeninas en el cuento mexicano de la generación de medio siglo: la obra cuentística de Guadalupe Dueñas, Amparo Dávila e Inés Arredondo",2012,mohamed-ihab-bebars-voces-femeninas-en-el-cuento-2012,1.0,"Mohamed Ihab Bebars, Nehad. Voces femeninas en el cuento mexicano de la generación de medio siglo: la obra cuentística de Guadalupe Dueñas, Amparo Dávila e Inés Arredondo. Tesis doctoral, Universidad Complutense de Madrid, 2012."
matched,Working Bibliography,,False,1,1,"Alberro, Solange","Inquisición y sociedad en México, 1571–1700",1988,alberro-inquisicion-y-sociedad-en-mexico-1988,1.0,"Alberro, Solange. Inquisición y sociedad en México, 1571–1700. Fondo de Cultura Económica, 1988."
matched,Working Bibliography,,False,2,2,"Aguilar Gil, Yásnaya Elena",Ää: manifiestos sobre la diversidad lingüística,2020,aguilar-gil-aa-manifiestos-sobre-la-diversidad-2020,1.0,"Aguilar Gil, Yásnaya Elena. Ää: manifiestos sobre la diversidad lingüística. Almadía, 2020."
matched,Working Bibliography,,False,3,3,"Beverley, John",Testimonio: On the Politics of Truth,2004,beverley-testimonio-on-the-politics-of-2004,1.0,"Beverley, John. Testimonio: On the Politics of Truth. University of Minnesota Press, 2004."
matched,Working Bibliography,,False,4,4,"Brooks, James F","Captives and Cousins: Slavery, Kinship, and Community in the Southwest Borderlands",2002,brooks-captives-and-cousins-slavery-kinship-2002,1.0,"Brooks, James F. Captives and Cousins: Slavery, Kinship, and Community in the Southwest Borderlands. University of North Carolina Press, 2002."
matched,Working Bibliography,,False,5,5,"Ebright, Malcolm",Land Grants and Lawsuits in Northern New Mexico,1994,ebright-land-grants-and-lawsuits-in-1994,1.0,"Ebright, Malcolm. Land Grants and Lawsuits in Northern New Mexico. University of New Mexico Press, 1994."
matched,Working Bibliography,,False,6,6,"Gutiérrez, Ramón A","When Jesus Came, the Corn Mothers Went Away: Marriage, Sexuality, and Power in New Mexico, 1500–1846",1991,gutierrez-when-jesus-came-the-corn-1991,1.0,"Gutiérrez, Ramón A. When Jesus Came, the Corn Mothers Went Away: Marriage, Sexuality, and Power in New Mexico, 1500–1846. Stanford University Press, 1991."
matched,Working Bibliography,,False,7,7,"Hendrickson, Brett",Border Medicine: A Transcultural History of Mexican American Curanderismo,2014,hendrickson-border-medicine-a-transcultural-history-2014,1.0,"Hendrickson, Brett. Border Medicine: A Transcultural History of Mexican American Curanderismo. New York University Press, 2014."
matched,Working Bibliography,,False,8,8,"Hirsch, Marianne",The Generation of Postmemory: Writing and Visual Culture after the Holocaust,2012,hirsch-the-generation-of-postmemory-writing-2012,1.0,"Hirsch, Marianne. The Generation of Postmemory: Writing and Visual Culture after the Holocaust. Columbia University Press, 2012."
matched,Working Bibliography,,False,9,9,"Jones, Stephen Graham",The Only Good Indians,2020,jones-the-only-good-indians-2020,1.0,"Jones, Stephen Graham. The Only Good Indians. Saga Press, 2020."
matched,Working Bibliography,,False,10,10,"Justice, Daniel Heath",Why Indigenous Literatures Matter,2018,justice-why-indigenous-literatures-matter-2018,1.0,"Justice, Daniel Heath. Why Indigenous Literatures Matter. Wilfrid Laurier University Press, 2018."
matched,Working Bibliography,,False,11,11,"Melchor, Fernanda",Temporada de huracanes,2017,melchor-temporada-de-huracanes-2017,1.0,"Melchor, Fernanda. Temporada de huracanes. Literatura Random House, 2017."
matched,Working Bibliography,,False,12,12,"Meléndez, A",Gabriel,2013,melendez-hidden-chicano-cinema-film-dramas-2013,0.59,"Meléndez, A. Gabriel. Hidden Chicano Cinema: Film Dramas in the Borderlands. Rutgers University Press, 2013."
matched,Working Bibliography,,False,13,13,"Meyer, Doris","Speaking for Themselves: Neomexicano Cultural Identity and the Spanish- Language Press, 1880–1920",1996,meyer-speaking-for-themselves-neomexicano-cult-1996,1.0,"Meyer, Doris. Speaking for Themselves: Neomexicano Cultural Identity and the Spanish- Language Press, 1880–1920. University of New Mexico Press, 1996."
matched,Working Bibliography,,False,14,14,"Nieto-Phillips, John M","The Language of Blood: The Making of Spanish-American Identity in New Mexico, 1880s–1930s",2004,nieto-phillips-the-language-of-blood-the-2004,1.0,"Nieto-Phillips, John M. The Language of Blood: The Making of Spanish-American Identity in New Mexico, 1880s–1930s. University of New Mexico Press, 2004."
matched,Working Bibliography,,False,15,15,"Rappaport, Joanne, y Tom Cummins",Beyond the Lettered City: Indigenous Literacies in the Andes,2012,rappaport-beyond-the-lettered-city-indigenous-2012,1.0,"Rappaport, Joanne, y Tom Cummins. Beyond the Lettered City: Indigenous Literacies in the Andes. Duke University Press, 2012."
matched,Working Bibliography,,False,16,16,"Sklodowska, Elzbieta","Testimonio hispanoamericano: historia, teoría, poética",1992,sklodowska-testimonio-hispanoamericano-historia-teo-1992,1.0,"Sklodowska, Elzbieta. Testimonio hispanoamericano: historia, teoría, poética. Peter Lang, 1992."
matched,Working Bibliography,,False,17,17,"Weigle, Marta","Brothers of Light, Brothers of Blood: The Penitentes of the Southwest",1976,weigle-brothers-of-light-brothers-of-1976,1.0,"Weigle, Marta. Brothers of Light, Brothers of Blood: The Penitentes of the Southwest. University of New Mexico Press, 1976."
matched,Working Bibliography,,False,18,18,"Steinauer-Scudder, Chelsea","“Counter Mapping.” Emergence Magazine, 8 Feb",2018,counter-mapping-https--counter-mapping,0.5,"Steinauer-Scudder, Chelsea. “Counter Mapping.” Emergence Magazine, 8 Feb. 2018. Film by Adam Loften and Emmanuel Vaughan-Lee."
matched,Working Bibliography,,False,19,19,"Sagás, Ernesto",Latino Colorado: The Struggle for Equality in the Centennial State,2025,sagas-latino-colorado,1.0,"Sagás, Ernesto. Latino Colorado: The Struggle for Equality in the Centennial State. University Press of Colorado, 2025."
matched,Working Filmography,,False,1,1,"Akerman, Chantal, directora",De l’autre côté,2002,akerman-de-l-autre-cote-2002,1.0,"Akerman, Chantal, directora. De l’autre côté. 2002."
matched,Working Filmography,,False,2,2,"Almada, Natalia, directora",El velador,2011,almada-el-velador-2011,1.0,"Almada, Natalia, directora. El velador. 2011."
matched,Working Filmography,,False,3,3,"Arteaga, Marcela, directora",El guardián de la memoria,2019,arteaga-el-guardian-de-la-memoria-2019,1.0,"Arteaga, Marcela, directora. El guardián de la memoria. 2019."
matched,Working Filmography,,False,4,4,"Esteinou, Santiago, Javier Campos López, y Axel Pedraza, directores",Mukí Sopalírili Aligué Gawichí Nirúgame / The Woman of Stars and Mountains,2023,esteinou-muki-sopalirili-aligue-gawichi-nirugame-2023,1.0,"Esteinou, Santiago, Javier Campos López, y Axel Pedraza, directores. Mukí Sopalírili Aligué Gawichí Nirúgame / The Woman of Stars and Mountains. 2023."
matched,Working Filmography,,False,5,5,"Huezo, Tatiana, directora",Tempestad,2016,huezo-tempestad-2016,1.0,"Huezo, Tatiana, directora. Tempestad. 2016."
matched,Working Filmography,,False,6,6,"Portillo, Lourdes, directora",Señorita extraviada,2001,portillo-senorita-extraviada-2001,1.0,"Portillo, Lourdes, directora. Señorita extraviada. 2001."
matched,Working Filmography,,False,7,7,"Reggio, Godfrey, director",Visitors,2013,reggio-visitors-2013,1.0,"Reggio, Godfrey, director. Visitors. 2013."
matched,Working Filmography,,False,8,8,"Rivera, Alex, director",Sleep Dealer,2008,rivera-sleep-dealer-2008,1.0,"Rivera, Alex, director. Sleep Dealer. 2008."
matched,Working Filmography,,False,9,9,"Ruiz, Bernardo, director",Kingdom of Shadows,2015,ruiz-kingdom-of-shadows-2015,1.0,"Ruiz, Bernardo, director. Kingdom of Shadows. 2015."
matched,Working Filmography,,False,10,10,"Rulfo, Juan Carlos, y Carlos Hagerman, directores",Los que se quedan,2008,rulfo-los-que-se-quedan-2008,1.0,"Rulfo, Juan Carlos, y Carlos Hagerman, directores. Los que se quedan. 2008."
matched,Working Filmography,,False,11,11,"López, Issa, directora",Vuelven,2017,lopez-vuelven,1.0,"López, Issa, directora. Vuelven. 2017."
matched,Working Filmography,,False,12,12,"Lyon, Danny, director",Llanito,1971,lyon-llanito-1971,1.0,"Lyon, Danny, director. Llanito. 1971."
matched,Working Filmography,,False,13,13,"Price, Roland, y Harry J","Revier, directores",1936,price-lash-penitentes-1936,1.0,"Price, Roland, y Harry J. Revier, directores. The Lash of the Penitentes. 1936."
gone,I. Theory,A,,8,,"Williams, Gareth",The Other Side of the Popular: Neoliberalism and Subalternity in Latin America,2002,williams-the-other-side-of-the-2002,,
